1978.52,1990.00,386.89,0.000,2.59,5.114,3
1977.24,1988.00,394.51,0.000,2.60,5.012,3
1979.43,1990.00,400.46,0.000,2.60,4.943,3
1978.80,1991.00,421.66,0.000,2.62,4.693,3
1978.29,1991.00,483.41,0.000,2.68,4.092,3
1976.18,1989.00,374.53,0.031,2.57,5.276,3
1979.32,1989.00,287.34,0.031,2.46,6.888,3
1981.29,1992.00,382.29,0.000,2.58,5.183,3
1978.08,1989.00,443.45,0.000,2.65,4.461,3
1979.71,1990.00,426.34,0.000,2.63,4.644,3
1981.04,1989.00,408.86,0.000,2.61,4.845,3
1978.35,1988.00,406.57,0.000,2.61,4.866,3
1978.30,1988.00,396.47,0.000,2.60,4.990,3
1979.07,1989.00,347.08,0.000,2.54,5.702,3
1978.90,2002.00,405.49,0.000,2.61,4.880,3
1976.77,1989.00,382.95,0.000,2.58,5.162,3
1976.26,1989.00,395.04,0.000,2.60,5.003,3
1978.38,1990.00,486.97,0.094,2.69,4.063,3
1979.16,1989.00,504.31,0.156,2.70,3.925,3
1980.91,1990.00,740.82,0.156,2.87,2.674,3
1982.88,1991.00,717.63,0.281,2.86,2.763,3
1984.63,1991.00,1073.45,0.422,3.03,1.849,3
1985.87,2000.00,1157.35,0.406,3.06,1.716,3
1994.68,2011.00,1616.57,0.469,3.21,1.234,3
2010.69,2022.00,1448.96,0.344,3.16,1.388,3
2012.60,2025.00,1493.92,0.156,3.17,1.347,3
2006.43,2020.00,1474.73,0.234,3.17,1.361,3
2000.71,2015.00,1474.00,0.109,3.17,1.357,3
1993.98,2006.00,1461.13,0.141,3.16,1.365,3
1980.63,1992.00,1581.07,0.203,3.20,1.253,3
1971.67,1991.00,1631.94,0.188,3.21,1.208,3
1965.04,1977.00,1567.51,0.109,3.20,1.254,3
1962.06,1973.00,1578.68,0.109,3.20,1.243,3
1960.62,1971.00,1594.90,0.109,3.20,1.229,3
1965.25,1986.00,1674.73,0.109,3.22,1.173,3
1972.69,1991.00,1633.39,0.172,3.21,1.208,3
1976.89,1992.00,1368.56,0.141,3.14,1.444,3
1975.42,1989.00,1400.60,0.125,3.15,1.410,3
1976.90,1989.00,1513.98,0.266,3.18,1.306,3
1979.23,1991.00,1860.15,0.203,3.27,1.064,3
1975.82,1987.00,1748.26,0.281,3.24,1.130,3
1973.32,1987.00,1350.66,0.047,3.13,1.461,3
1973.41,1990.00,1318.31,0.000,3.12,1.497,3
1973.57,1986.00,1314.25,0.000,3.12,1.502,3
1975.66,1987.00,1439.66,0.141,3.16,1.372,3
1978.59,1988.00,1324.53,0.312,3.12,1.494,3
1984.79,1991.00,1379.71,0.219,3.14,1.439,3
1988.21,2004.00,1719.72,0.078,3.24,1.156,3
1993.29,2008.00,1549.62,0.125,3.19,1.286,3
1991.03,2005.00,1581.50,0.172,3.20,1.259,3
1991.16,2003.00,1475.71,0.141,3.17,1.349,3
1986.82,2002.00,1610.77,0.141,3.21,1.233,3
1980.65,1991.00,1524.52,0.125,3.18,1.299,3
1978.71,1991.00,1596.33,0.109,3.20,1.240,3
1973.50,1988.00,1544.82,0.156,3.19,1.277,3
1969.02,1975.00,1448.04,0.141,3.16,1.360,3
1965.57,1975.00,1507.20,0.172,3.18,1.304,3
1963.84,1972.00,1427.76,0.109,3.15,1.375,3
1960.46,1974.00,1544.73,0.172,3.19,1.269,3
1955.55,1971.00,1544.12,0.141,3.19,1.266,3
1955.04,1972.00,1485.76,0.172,3.17,1.316,3
1956.80,1970.00,1461.87,0.172,3.16,1.339,3
1957.27,1970.00,1424.67,0.125,3.15,1.374,3
1958.91,1971.00,1466.22,0.109,3.17,1.336,3
1962.63,1975.00,1501.20,0.156,3.18,1.307,3
1965.84,1974.00,1318.10,0.000,3.12,1.491,3
1969.52,1986.00,1259.25,0.000,3.10,1.564,3
1974.17,1986.00,426.41,0.109,2.63,4.630,3
1979.02,1989.00,145.73,0.375,2.16,13.580,3
1978.34,1991.00,281.02,0.000,2.45,7.040,3
1979.01,1990.00,314.78,0.000,2.50,6.287,3
1981.82,1990.00,375.62,0.000,2.57,5.276,3
1980.92,2000.00,461.78,0.000,2.66,4.290,3
1978.77,1990.00,510.98,0.031,2.71,3.872,3
1979.16,1991.00,658.06,0.172,2.82,3.008,3
1982.55,1991.00,469.21,0.156,2.67,4.225,3
1980.26,1992.00,554.91,0.125,2.74,3.569,3
1978.29,1989.00,406.83,0.031,2.61,4.863,3
1978.63,1991.00,514.73,0.062,2.71,3.844,3
1980.73,1989.00,395.98,0.156,2.60,5.002,3
1978.59,1987.00,402.79,0.156,2.61,4.912,3
1977.68,1988.00,680.15,0.078,2.83,2.908,3
1979.49,1990.00,580.93,0.188,2.76,3.407,3
1975.17,1990.00,408.48,0.000,2.61,4.835,3
1975.78,1991.00,364.96,0.000,2.56,5.414,3
1980.87,1989.00,380.87,0.000,2.58,5.201,3
1975.26,1988.00,394.89,0.000,2.60,5.002,3
1976.44,1987.00,378.82,0.000,2.58,5.217,3
1976.77,1988.00,371.89,0.000,2.57,5.315,3
1978.35,1989.00,434.95,0.000,2.64,4.548,3
1975.96,1989.00,352.72,0.000,2.55,5.602,3
1976.05,1988.00,384.09,0.000,2.58,5.145,3
1976.86,1988.00,442.90,0.000,2.65,4.463,3
1975.94,1987.00,370.80,0.000,2.57,5.329,3
1975.36,1987.00,392.90,0.000,2.59,5.028,3
1976.08,1987.00,373.24,0.000,2.57,5.294,3
1977.32,1990.00,315.90,0.000,2.50,6.259,3
1976.69,1988.00,430.40,0.000,2.63,4.593,3
1974.94,1986.00,413.18,0.000,2.62,4.780,3
1976.55,1987.00,557.05,0.031,2.75,3.548,3
1976.91,1989.00,466.06,0.078,2.67,4.242,3
1975.14,1986.00,396.31,0.172,2.60,4.984,3
1977.65,1988.00,713.20,0.047,2.85,2.773,3
1985.29,2003.00,387.87,0.266,2.59,5.118,3
1988.15,2004.00,1147.82,0.375,3.06,1.732,3
1992.16,2006.00,1493.92,0.438,3.17,1.334,3
2002.47,2009.00,1485.59,0.359,3.17,1.348,3
2012.09,2022.00,1191.54,0.281,3.08,1.689,3
2007.36,2020.00,1284.81,0.188,3.11,1.562,3
2000.98,2017.00,1501.03,0.125,3.18,1.333,3
1995.65,2007.00,1590.92,0.203,3.20,1.254,3
1984.71,2000.00,1596.33,0.156,3.20,1.243,3
1972.07,1989.00,1605.15,0.172,3.21,1.229,3
1961.12,1974.00,1553.45,0.125,3.19,1.262,3
1956.78,1969.00,1521.49,0.141,3.18,1.286,3
1958.20,1973.00,1509.77,0.250,3.18,1.297,3
1965.65,1976.00,1534.90,0.188,3.19,1.281,3
1974.99,1989.00,1828.89,0.016,3.26,1.080,3
1975.10,1987.00,1319.03,0.000,3.12,1.497,3
1974.93,1986.00,1320.33,0.000,3.12,1.496,3
1975.77,1988.00,1285.03,0.000,3.11,1.538,3
1977.02,1989.00,1081.03,0.062,3.03,1.829,3
1974.45,1987.00,934.63,0.047,2.97,2.113,3
1975.18,1988.00,770.75,0.078,2.89,2.563,3
1977.49,1991.00,761.57,0.125,2.88,2.597,3
1977.10,1989.00,718.81,0.078,2.86,2.751,3
1974.72,1986.00,675.23,0.047,2.83,2.925,3
1973.51,1988.00,1535.87,0.062,3.19,1.285,3
1975.36,1987.00,1925.60,0.109,3.28,1.026,3
1973.02,1988.00,1348.53,0.062,3.13,1.463,3
1976.68,1989.00,1312.63,0.000,3.12,1.506,3
1986.16,1990.00,1116.71,0.000,3.05,1.779,3
1995.43,2006.00,1009.28,0.125,3.00,1.977,3
2002.98,2017.00,1303.90,0.188,3.12,1.536,3
2003.72,2017.00,1325.10,0.359,3.12,1.512,3
2003.19,2018.00,1591.19,0.141,3.20,1.259,3
1999.90,2018.00,1620.66,0.281,3.21,1.234,3
1995.26,2006.00,1670.30,0.297,3.22,1.195,3
1989.07,2002.00,1527.46,0.266,3.18,1.302,3
1985.16,1992.00,1620.57,0.219,3.21,1.225,3
1977.21,1988.00,1480.41,0.109,3.17,1.336,3
1975.70,2001.00,1525.43,0.156,3.18,1.295,3
1972.16,1986.00,1480.00,0.172,3.17,1.333,3
1971.43,1976.00,1549.13,0.141,3.19,1.273,3
1966.37,1974.00,1505.48,0.219,3.18,1.306,3
1962.74,1973.00,1483.86,0.109,3.17,1.323,3
1964.01,1975.00,1442.46,0.156,3.16,1.362,3
1962.93,1975.00,1471.67,0.125,3.17,1.334,3
1961.21,1972.00,1394.35,0.125,3.14,1.407,3
1964.40,1975.00,1487.43,0.062,3.17,1.321,3
1961.51,1973.00,1463.72,0.094,3.17,1.340,3
1958.60,1970.00,1440.49,0.094,3.16,1.360,3
1960.33,1973.00,1486.51,0.156,3.17,1.319,3
1966.51,1975.00,1464.87,0.156,3.17,1.342,3
1968.13,1976.00,1321.20,0.125,3.12,1.490,3
1970.38,1976.00,1415.13,0.141,3.15,1.392,3
1974.07,1986.00,696.94,0.000,2.84,2.832,3
1976.86,1988.00,184.45,0.234,2.27,10.718,3
1980.37,1990.00,428.45,0.156,2.63,4.622,3
1979.19,1990.00,461.29,0.000,2.66,4.291,3
1980.15,1990.00,489.81,0.125,2.69,4.043,3
1978.18,1992.00,488.32,0.062,2.69,4.051,3
1976.07,1988.00,451.11,0.031,2.65,4.380,3
1973.96,1987.00,405.87,0.172,2.61,4.864,3
1976.52,1987.00,437.26,0.188,2.64,4.520,3
1975.57,1987.00,519.50,0.062,2.72,3.803,3
1975.46,1987.00,347.00,0.031,2.54,5.693,3
1976.19,1989.00,571.99,0.000,2.76,3.455,3
1977.61,1987.00,402.14,0.109,2.60,4.918,3
1976.86,1987.00,456.03,0.031,2.66,4.335,3
1976.49,1988.00,428.94,0.000,2.63,4.608,3
1977.60,1990.00,315.15,0.094,2.50,6.275,3
1977.35,1987.00,600.81,0.031,2.78,3.291,3
1975.18,1989.00,601.76,0.000,2.78,3.282,3
1979.50,1992.00,367.20,0.000,2.56,5.391,3
1983.98,1992.00,287.92,0.000,2.46,6.891,3
1980.89,2002.00,409.54,0.000,2.61,4.837,3
1982.21,1992.00,434.52,0.000,2.64,4.562,3
1988.20,2004.00,421.47,0.000,2.62,4.717,3
1995.58,2007.00,379.24,0.000,2.58,5.262,3
1999.02,2018.00,578.43,0.203,2.76,3.456,3
2011.99,2021.00,1381.95,0.438,3.14,1.456,3
2017.27,2026.00,1508.64,0.453,3.18,1.337,3
2007.83,2022.00,1448.07,0.125,3.16,1.387,3
1998.37,2009.00,1088.46,0.094,3.04,1.836,3
1994.55,2008.00,1574.83,0.094,3.20,1.267,3
1983.57,2002.00,1658.34,0.125,3.22,1.196,3
1969.04,1976.00,1641.93,0.109,3.22,1.199,3
1955.20,1971.00,1525.91,0.078,3.18,1.281,3
1952.06,1969.00,1576.78,0.078,3.20,1.238,3
1955.68,1970.00,1792.32,0.094,3.25,1.091,3
1959.76,1973.00,1457.21,0.016,3.16,1.345,3
1966.79,1976.00,1312.05,0.000,3.12,1.499,3
1970.63,1976.00,1280.16,0.016,3.11,1.539,3
1970.91,1984.00,1163.34,0.062,3.07,1.694,3
1971.55,1987.00,1247.94,0.125,3.10,1.580,3
1972.32,1987.00,1321.91,0.125,3.12,1.492,3
1974.12,1988.00,1949.40,0.062,3.29,1.013,3
1974.99,1987.00,2005.36,0.000,3.30,0.985,3
1976.91,1988.00,1706.38,0.203,3.23,1.159,3
1977.15,1987.00,1319.08,0.000,3.12,1.499,3
1978.98,1990.00,1321.20,0.000,3.12,1.498,3
1980.40,1989.00,1319.36,0.000,3.12,1.501,3
1989.21,2001.00,661.11,0.062,2.82,3.009,3
2000.60,2007.00,1152.13,0.266,3.06,1.736,3
1998.55,2006.00,1412.35,0.141,3.15,1.415,3
1997.57,2007.00,1651.74,0.094,3.22,1.209,3
1997.59,2007.00,1556.16,0.172,3.19,1.284,3
1995.34,2008.00,1543.56,0.172,3.19,1.293,3
1990.33,2003.00,1583.19,0.109,3.20,1.257,3
1984.96,2001.00,1509.19,0.156,3.18,1.315,3
1980.55,1992.00,1574.59,0.109,3.20,1.258,3
1975.43,1989.00,1525.57,0.156,3.18,1.295,3
1972.93,1985.00,1516.82,0.109,3.18,1.301,3
1971.99,1985.00,1496.39,0.172,3.18,1.318,3
1969.77,1985.00,1438.36,0.125,3.16,1.369,3
1963.71,1975.00,1504.90,0.219,3.18,1.305,3
1963.54,1977.00,1481.12,0.156,3.17,1.326,3
1960.71,1975.00,1476.82,0.172,3.17,1.328,3
1959.94,1972.00,1420.79,0.281,3.15,1.379,3
1960.38,1970.00,1400.31,0.219,3.15,1.400,3
1962.99,1974.00,1419.32,0.281,3.15,1.383,3
1963.55,1975.00,1368.65,0.266,3.14,1.435,3
1963.37,1976.00,1339.96,0.234,3.13,1.465,3
1966.18,1974.00,1307.84,0.219,3.12,1.503,3
1971.41,1986.00,1348.81,0.219,3.13,1.462,3
1972.10,1977.00,1443.86,0.188,3.16,1.366,3
1972.82,1984.00,820.62,0.000,2.91,2.404,3
1975.00,1986.00,250.99,0.109,2.40,7.869,3
1977.58,1988.00,608.62,0.188,2.78,3.249,3
1976.97,1987.00,370.87,0.031,2.57,5.331,3
1975.82,1988.00,361.03,0.000,2.56,5.473,3
1976.43,1988.00,348.15,0.000,2.54,5.677,3
1976.76,1988.00,380.99,0.031,2.58,5.188,3
1975.82,1988.00,468.70,0.062,2.67,4.216,3
1975.41,1988.00,378.24,0.031,2.58,5.223,3
1977.37,1989.00,321.19,0.094,2.51,6.156,3
1975.02,1988.00,473.91,0.062,2.68,4.167,3
1975.39,1987.00,628.82,0.000,2.80,3.141,3
1975.25,1985.00,301.59,0.094,2.48,6.549,3
1976.19,1987.00,313.64,0.062,2.50,6.301,3
1975.11,1986.00,442.23,0.094,2.65,4.466,3
1976.46,1987.00,539.97,0.000,2.73,3.660,3
1977.90,1987.00,409.47,0.000,2.61,4.830,3
1976.94,1990.00,373.41,0.000,2.57,5.294,3
1977.26,1988.00,484.50,0.000,2.69,4.081,3
1978.44,1988.00,280.59,0.000,2.45,7.051,3
1979.40,1989.00,504.87,0.016,2.70,3.921,3
1985.85,1992.00,499.85,0.000,2.70,3.973,3
1987.65,2001.00,476.53,0.000,2.68,4.171,3
1991.86,2004.00,397.97,0.000,2.60,5.005,3
2001.25,2007.00,386.43,0.094,2.59,5.179,3
2004.13,2021.00,410.69,0.031,2.61,4.880,3
2007.43,2019.00,1004.84,0.266,3.00,1.998,3
2005.55,2020.00,1364.36,0.203,3.13,1.470,3
2002.47,2008.00,1066.20,0.109,3.03,1.878,3
1994.88,2005.00,1237.23,0.266,3.09,1.612,3
1986.46,2001.00,1460.96,0.062,3.16,1.360,3
1972.76,1989.00,1619.03,0.156,3.21,1.218,3
1962.06,1976.00,1523.19,0.172,3.18,1.288,3
1953.29,1961.00,1553.83,0.141,3.19,1.257,3
1951.37,1960.00,1631.43,0.125,3.21,1.196,3
1957.94,1970.00,1915.47,0.109,3.28,1.022,3
1963.07,1976.00,1509.34,0.016,3.18,1.301,3
1964.66,1975.00,1321.21,0.000,3.12,1.487,3
1969.84,1987.00,1317.25,0.000,3.12,1.495,3
1972.50,1987.00,1099.40,0.062,3.04,1.794,3
1972.88,1988.00,1103.88,0.062,3.04,1.787,3
1972.35,1986.00,1004.56,0.109,3.00,1.963,3
1976.04,1988.00,923.26,0.078,2.97,2.140,3
1976.88,1991.00,1250.36,0.016,3.10,1.581,3
1976.52,1990.00,1870.11,0.016,3.27,1.057,3
1977.26,1989.00,1900.29,0.047,3.28,1.041,3
1978.66,1989.00,1314.79,0.000,3.12,1.505,3
1981.03,1993.00,1313.54,0.000,3.12,1.508,3
1987.43,2003.00,1371.67,0.062,3.14,1.449,3
1994.93,2004.00,1430.69,0.219,3.16,1.394,3
2000.44,2006.00,1434.20,0.250,3.16,1.395,3
1998.57,2008.00,1192.08,0.094,3.08,1.677,3
1999.91,2009.00,1565.45,0.094,3.19,1.278,3
1996.43,2008.00,1625.82,0.266,3.21,1.228,3
1990.22,2003.00,1518.37,0.250,3.18,1.311,3
1983.93,2001.00,1621.88,0.219,3.21,1.223,3
1980.76,1992.00,1475.56,0.156,3.17,1.342,3
1979.18,1990.00,1599.41,0.156,3.20,1.237,3
1975.57,1991.00,1488.05,0.156,3.17,1.328,3
1973.57,1986.00,1561.40,0.156,3.19,1.264,3
1972.69,1978.00,1487.53,0.141,3.17,1.326,3
1972.75,1987.00,1549.79,0.141,3.19,1.273,3
1972.24,1986.00,1466.54,0.125,3.17,1.345,3
1972.49,1987.00,1558.08,0.172,3.19,1.266,3
1971.38,1985.00,1510.77,0.109,3.18,1.305,3
1965.12,1976.00,1445.06,0.156,3.16,1.360,3
1959.57,1970.00,1483.93,0.156,3.17,1.321,3
1960.12,1974.00,1366.75,0.094,3.14,1.434,3
1961.77,1975.00,1396.77,0.094,3.15,1.405,3
1965.24,1976.00,1455.00,0.125,3.16,1.351,3
1969.27,1978.00,1437.41,0.109,3.16,1.370,3
1972.30,1985.00,1417.13,0.125,3.15,1.392,3
1973.41,1985.00,1405.90,0.156,3.15,1.404,3
1973.79,1987.00,1450.72,0.094,3.16,1.361,3
1974.19,1987.00,1299.64,0.141,3.11,1.519,3
1974.24,1987.00,1485.24,0.062,3.17,1.329,3
1973.61,1987.00,1416.85,0.078,3.15,1.393,3
1973.46,1986.00,1332.76,0.062,3.12,1.481,3
1974.11,1985.00,1252.76,0.062,3.10,1.576,3
1975.50,1986.00,1024.85,0.062,3.01,1.928,3
1974.64,1986.00,434.14,0.109,2.64,4.548,3
1975.16,1989.00,293.02,0.125,2.47,6.741,3
1977.51,1989.00,350.97,0.250,2.55,5.634,3
1977.21,1989.00,428.12,0.000,2.63,4.618,3
1976.80,1991.00,450.08,0.000,2.65,4.392,3
1977.15,1989.00,370.35,0.031,2.57,5.339,3
1979.15,1988.00,302.02,0.031,2.48,6.553,3
1977.61,1988.00,473.97,0.000,2.68,4.172,3
1977.85,1988.00,404.97,0.000,2.61,4.884,3
1978.99,1990.00,351.89,0.000,2.55,5.624,3
1980.49,1990.00,384.20,0.000,2.58,5.155,3
1979.08,1989.00,386.31,0.000,2.59,5.123,3
1979.43,1989.00,402.20,0.000,2.60,4.922,3
1979.04,1989.00,444.70,0.000,2.65,4.450,3
1977.44,1989.00,360.50,0.000,2.56,5.485,3
1975.33,1986.00,500.31,0.000,2.70,3.948,3
1975.16,1988.00,382.74,0.000,2.58,5.161,3
1976.76,1988.00,800.27,0.078,2.90,2.470,3
1978.12,1989.00,1504.13,0.062,3.18,1.315,3
1977.21,1989.00,559.90,0.094,2.75,3.531,3
1978.69,1989.00,872.30,0.078,2.94,2.268,3
1985.58,1992.00,912.10,0.188,2.96,2.177,3
1987.26,2000.00,809.23,0.234,2.91,2.456,3
1990.24,2003.00,1012.71,0.375,3.01,1.965,3
1997.96,2007.00,1163.38,0.344,3.07,1.717,3
2003.50,2008.00,1387.31,0.375,3.14,1.444,3
2007.00,2018.00,1371.95,0.266,3.14,1.463,3
2005.75,2020.00,1014.74,0.234,3.01,1.977,3
2004.12,2018.00,1365.79,0.156,3.14,1.467,3
1995.46,2005.00,1564.08,0.156,3.19,1.276,3
1984.90,2005.00,1662.06,0.203,3.22,1.194,3
1972.59,1989.00,1653.27,0.156,3.22,1.193,3
1961.98,1974.00,1643.05,0.172,3.22,1.194,3
1955.44,1969.00,1526.30,0.125,3.18,1.281,3
1955.79,1970.00,1654.01,0.125,3.22,1.182,3
1961.91,1975.00,1648.44,0.125,3.22,1.190,3
1965.89,1988.00,1399.65,0.250,3.15,1.405,3
1968.24,1976.00,1506.65,0.281,3.18,1.306,3
1969.85,1977.00,1456.23,0.203,3.16,1.353,3
1968.83,1976.00,1654.95,0.344,3.22,1.190,3
1968.07,1986.00,1622.16,0.266,3.21,1.213,3
1971.85,1987.00,1564.80,0.172,3.19,1.260,3
1975.60,1987.00,1319.48,0.062,3.12,1.497,3
1981.40,1991.00,1313.89,0.000,3.12,1.508,3
1982.98,2001.00,1320.12,0.000,3.12,1.502,3
1989.35,2003.00,1133.93,0.000,3.05,1.754,3
1994.52,2007.00,1428.90,0.328,3.16,1.396,3
1996.07,2005.00,1244.43,0.359,3.09,1.604,3
1994.26,2004.00,1216.42,0.141,3.09,1.639,3
1994.62,2006.00,1491.86,0.078,3.17,1.337,3
1995.82,2005.00,1651.23,0.203,3.22,1.209,3
1989.24,2003.00,1531.81,0.188,3.19,1.299,3
1983.31,2000.00,1505.66,0.141,3.18,1.317,3
1979.59,1990.00,1529.31,0.172,3.18,1.294,3
1976.72,1987.00,1507.39,0.141,3.18,1.311,3
1974.35,1988.00,1579.58,0.172,3.20,1.250,3
1973.19,1986.00,1483.43,0.109,3.17,1.330,3
1972.96,1986.00,1584.99,0.172,3.20,1.245,3
1970.58,1984.00,1453.47,0.109,3.16,1.356,3
1969.77,1977.00,1520.43,0.172,3.18,1.296,3
1970.74,1984.00,1481.43,0.125,3.17,1.330,3
1970.00,1976.00,1551.86,0.156,3.19,1.269,3
1963.91,1976.00,1577.29,0.188,3.20,1.245,3
1959.85,1971.00,1497.70,0.141,3.18,1.309,3
1957.63,1972.00,1378.47,0.078,3.14,1.420,3
1960.21,1972.00,1459.44,0.047,3.16,1.343,3
1962.02,1972.00,1478.08,0.062,3.17,1.327,3
1962.30,1973.00,1441.86,0.062,3.16,1.361,3
1967.18,1974.00,1328.24,0.062,3.12,1.481,3
1970.19,1976.00,1393.26,0.062,3.14,1.414,3
1973.22,1984.00,1430.94,0.062,3.16,1.379,3
1974.65,1987.00,1470.99,0.062,3.17,1.342,3
1976.62,1989.00,1352.96,0.062,3.13,1.461,3
1974.89,1985.00,1069.74,0.156,3.03,1.846,3
1974.57,1988.00,1341.51,0.078,3.13,1.472,3
1976.27,1989.00,1344.88,0.062,3.13,1.469,3
1976.43,1987.00,727.25,0.219,2.86,2.718,3
1978.77,1988.00,403.55,0.000,2.61,4.903,3
1979.54,1990.00,298.36,0.125,2.47,6.635,3
1981.90,1991.00,342.30,0.156,2.53,5.790,3
1979.94,1991.00,501.63,0.000,2.70,3.947,3
1978.94,1989.00,509.31,0.000,2.71,3.886,3
1978.41,1987.00,358.54,0.062,2.55,5.518,3
1979.79,1988.00,343.16,0.078,2.54,5.769,3
1977.40,1988.00,574.89,0.094,2.76,3.440,3
1977.35,1989.00,345.32,0.062,2.54,5.726,3
1982.02,1990.00,407.84,0.062,2.61,4.860,3
1979.21,1989.00,457.72,0.000,2.66,4.324,3
1978.21,1991.00,386.96,0.031,2.59,5.112,3
1979.69,1988.00,561.61,0.000,2.75,3.525,3
1980.66,1988.00,337.97,0.000,2.53,5.861,3
1979.54,1989.00,425.44,0.000,2.63,4.653,3
1976.85,1989.00,399.27,0.000,2.60,4.951,3
1978.66,1993.00,364.62,0.000,2.56,5.427,3
1977.88,1989.00,385.00,0.000,2.59,5.137,3
1976.71,1988.00,418.80,0.125,2.62,4.720,3
1977.24,1989.00,413.81,0.000,2.62,4.778,3
1979.49,1990.00,817.45,0.172,2.91,2.422,3
1978.27,1987.00,751.84,0.297,2.88,2.631,3
1977.35,1989.00,699.51,0.328,2.84,2.827,3
1979.01,1989.00,699.11,0.250,2.84,2.831,3
1980.35,1990.00,818.19,0.250,2.91,2.420,3
1985.97,1991.00,769.12,0.250,2.89,2.582,3
1988.13,2004.00,765.81,0.297,2.88,2.596,3
1989.53,2002.00,921.25,0.344,2.96,2.160,3
1996.48,2007.00,1022.19,0.453,3.01,1.953,3
2001.68,2008.00,1493.06,0.422,3.17,1.341,3
2001.36,2007.00,1334.39,0.297,3.13,1.500,3
2000.35,2008.00,1385.28,0.344,3.14,1.444,3
2004.20,2009.00,1504.92,0.328,3.18,1.332,3
2002.22,2009.00,1430.66,0.234,3.16,1.400,3
1993.57,2005.00,1508.43,0.172,3.18,1.322,3
1987.62,2002.00,1453.06,0.094,3.16,1.368,3
1977.99,1992.00,1504.81,0.094,3.18,1.314,3
1963.26,1975.00,1608.45,0.141,3.21,1.221,3
1955.58,1970.00,1591.27,0.125,3.20,1.229,3
1955.40,1970.00,1515.34,0.141,3.18,1.290,3
1955.63,1960.00,1441.11,0.219,3.16,1.357,3
1958.44,1971.00,1630.53,0.141,3.21,1.201,3
1964.71,1977.00,1712.79,0.125,3.23,1.147,3
1965.96,1978.00,1292.40,0.062,3.11,1.521,3
1967.52,1976.00,1557.05,0.156,3.19,1.264,3
1969.27,1987.00,1460.43,0.141,3.16,1.348,3
1974.69,1987.00,1841.71,0.172,3.27,1.072,3
1978.45,1991.00,1783.02,0.141,3.25,1.110,3
1978.95,2002.00,1318.45,0.000,3.12,1.501,3
1984.96,1992.00,1313.54,0.000,3.12,1.511,3
1994.02,2005.00,1315.93,0.000,3.12,1.515,3
1999.44,2006.00,1328.66,0.094,3.12,1.505,3
1997.69,2007.00,1288.79,0.312,3.11,1.550,3
1995.15,2005.00,1277.85,0.109,3.11,1.561,3
1996.16,2005.00,1436.17,0.094,3.16,1.390,3
1992.97,2004.00,1663.08,0.188,3.22,1.198,3
1987.60,2002.00,1538.14,0.109,3.19,1.292,3
1983.09,1992.00,1587.06,0.172,3.20,1.250,3
1979.16,1990.00,1474.50,0.094,3.17,1.342,3
1977.15,1987.00,1600.74,0.141,3.20,1.235,3
1974.93,1986.00,1483.99,0.109,3.17,1.331,3
1973.14,1984.00,1582.11,0.141,3.20,1.247,3
1969.72,1985.00,1452.01,0.156,3.16,1.357,3
1966.99,1975.00,1569.38,0.188,3.20,1.253,3
1968.10,1976.00,1431.33,0.109,3.16,1.375,3
1969.38,1976.00,1542.61,0.172,3.19,1.277,3
1968.19,1976.00,1577.97,0.141,3.20,1.247,3
1967.02,1975.00,1489.41,0.141,3.17,1.321,3
1963.81,1974.00,1400.28,0.125,3.15,1.402,3
1960.69,1973.00,1431.60,0.109,3.16,1.370,3
1959.63,1972.00,1475.70,0.047,3.17,1.328,3
1962.49,1973.00,1495.51,0.062,3.17,1.312,3
1967.26,1974.00,1490.37,0.094,3.17,1.320,3
1971.23,1986.00,1455.05,0.062,3.16,1.355,3
1972.63,1987.00,1373.24,0.109,3.14,1.436,3
1974.83,1987.00,1270.92,0.125,3.10,1.554,3
1974.99,1986.00,1416.31,0.062,3.15,1.394,3
1973.48,1987.00,1199.04,0.266,3.08,1.646,3
1975.22,1985.00,794.64,0.422,2.90,2.486,3
1976.62,1988.00,764.29,0.453,2.88,2.586,3
1975.33,1988.00,832.11,0.188,2.92,2.374,3
1973.95,1985.00,730.46,0.297,2.86,2.702,3
1974.78,1987.00,694.74,0.328,2.84,2.842,3
1975.21,1987.00,957.77,0.234,2.98,2.062,3
1974.86,1986.00,817.92,0.406,2.91,2.414,3
1974.60,1988.00,702.81,0.453,2.85,2.810,3
1975.08,1988.00,788.63,0.375,2.90,2.504,3
1977.05,1989.00,754.34,0.344,2.88,2.621,3
1979.85,1989.00,707.45,0.438,2.85,2.799,3
1983.66,2000.00,700.10,0.516,2.85,2.833,3
1987.79,2005.00,741.30,0.344,2.87,2.681,3
1988.74,2004.00,938.08,0.391,2.97,2.120,3
1991.25,2003.00,1298.26,0.438,3.11,1.534,3
1991.94,2003.00,1354.14,0.422,3.13,1.471,3
1994.76,2006.00,1545.96,0.422,3.19,1.290,3
1994.82,2008.00,1444.54,0.141,3.16,1.381,3
1994.49,2004.00,1534.96,0.359,3.19,1.299,3
1996.97,2005.00,1577.13,0.109,3.20,1.266,3
1999.34,2008.00,1441.28,0.266,3.16,1.387,3
1995.80,2007.00,1366.59,0.188,3.14,1.460,3
1994.02,2007.00,1289.75,0.234,3.11,1.546,3
1989.55,2001.00,1583.08,0.094,3.20,1.257,3
1985.19,1992.00,1612.43,0.172,3.21,1.231,3
1975.55,1987.00,1595.63,0.156,3.20,1.238,3
1966.51,1979.00,1564.02,0.125,3.19,1.257,3
1952.48,1969.00,1507.77,0.125,3.18,1.295,3
1943.58,1954.00,1508.31,0.172,3.18,1.289,3
1945.71,1958.00,1458.64,0.156,3.16,1.334,3
1956.97,1969.00,1428.64,0.094,3.15,1.370,3
1966.51,1975.00,1880.58,0.109,3.27,1.046,3
1972.54,1986.00,1460.90,0.016,3.16,1.350,3
1975.71,1989.00,1315.03,0.000,3.12,1.502,3
1979.85,1991.00,1302.43,0.000,3.11,1.520,3
1982.20,2000.00,1073.08,0.094,3.03,1.847,3
1986.19,2002.00,960.94,0.156,2.98,2.067,3
1989.58,2002.00,1092.66,0.172,3.04,1.821,3
1988.54,2001.00,1274.94,0.188,3.11,1.560,3
1987.21,2001.00,1248.67,0.219,3.10,1.591,3
1983.83,1992.00,1846.32,0.047,3.27,1.074,3
1981.88,1991.00,1396.25,0.047,3.14,1.419,3
1978.80,1989.00,1313.50,0.000,3.12,1.507,3
1981.49,1992.00,1134.51,0.078,3.05,1.747,3
1982.37,1992.00,894.04,0.312,2.95,2.217,3
1979.19,1988.00,990.53,0.203,3.00,1.998,3
1975.39,1988.00,805.22,0.375,2.91,2.453,3
1972.77,1977.00,563.91,0.484,2.75,3.498,3
1973.49,1986.00,658.21,0.406,2.82,2.998,3
1970.40,1978.00,1023.91,0.219,3.01,1.924,3
1968.26,1977.00,617.95,0.406,2.79,3.185,3
1968.04,1976.00,726.12,0.438,2.86,2.710,3
1970.32,1976.00,823.92,0.453,2.92,2.391,3
1971.98,1989.00,759.98,0.328,2.88,2.595,3
1977.73,1991.00,731.71,0.312,2.86,2.703,3
1982.99,1990.00,769.81,0.297,2.89,2.576,3
1991.76,2006.00,827.93,0.312,2.92,2.406,3
1995.59,2005.00,1189.57,0.422,3.08,1.678,3
1998.57,2007.00,1079.58,0.344,3.03,1.851,3
1996.29,2005.00,1243.64,0.297,3.09,1.605,3
1992.96,2004.00,1632.37,0.109,3.21,1.221,3
1989.22,2002.00,1484.52,0.172,3.17,1.340,3
1986.02,1992.00,1590.32,0.188,3.20,1.249,3
1981.95,1991.00,1460.85,0.094,3.16,1.357,3
1977.84,1990.00,1612.05,0.141,3.21,1.227,3
1974.80,1988.00,1480.18,0.125,3.17,1.334,3
1974.42,1986.00,1516.60,0.109,3.18,1.302,3
1970.48,1985.00,1444.02,0.188,3.16,1.365,3
1968.29,1974.00,1487.99,0.094,3.17,1.323,3
1967.71,1976.00,1413.26,0.094,3.15,1.392,3
1969.43,1977.00,1517.07,0.172,3.18,1.298,3
1965.24,1976.00,1484.89,0.125,3.17,1.323,3
1959.17,1973.00,1446.50,0.125,3.16,1.354,3
1956.38,1962.00,1223.94,0.047,3.09,1.598,3
1959.07,1972.00,579.74,0.484,2.76,3.379,3
1962.46,1976.00,676.72,0.406,2.83,2.900,3
1967.12,1974.00,754.63,0.391,2.88,2.607,3
1971.78,1977.00,708.04,0.469,2.85,2.785,3
1972.02,1987.00,770.09,0.453,2.89,2.561,3
1972.66,1978.00,647.87,0.328,2.81,3.045,3
1975.47,1987.00,1026.81,0.375,3.01,1.924,3
1974.96,1987.00,771.26,0.406,2.89,2.561,3
1972.43,1984.00,730.40,0.406,2.86,2.700,3
1972.33,1986.00,775.02,0.391,2.89,2.545,3
1972.78,1984.00,746.19,0.344,2.87,2.644,3
1972.03,1977.00,814.53,0.266,2.91,2.421,3
1972.77,1986.00,766.44,0.328,2.88,2.574,3
1973.24,1986.00,692.49,0.422,2.84,2.849,3
1974.80,1986.00,902.17,0.281,2.96,2.189,3
1975.44,1985.00,738.70,0.375,2.87,2.674,3
1975.46,1987.00,752.62,0.531,2.88,2.625,3
1977.69,1989.00,731.29,0.328,2.86,2.704,3
1976.44,1988.00,630.71,0.281,2.80,3.134,3
1975.46,1986.00,725.70,0.391,2.86,2.722,3
1976.16,1987.00,769.65,0.312,2.89,2.568,3
1975.28,1987.00,802.08,0.391,2.90,2.463,3
1978.08,1988.00,1322.73,0.203,3.12,1.495,3
1978.15,1989.00,664.67,0.422,2.82,2.976,3
1977.99,1989.00,763.31,0.438,2.88,2.591,3
1981.96,1990.00,1185.50,0.297,3.07,1.672,3
1980.49,1989.00,830.40,0.453,2.92,2.385,3
1980.49,1992.00,867.04,0.359,2.94,2.284,3
1981.40,1992.00,718.16,0.531,2.86,2.759,3
1984.58,1992.00,762.88,0.328,2.88,2.601,3
1981.29,1991.00,774.50,0.391,2.89,2.558,3
1982.16,1991.00,771.81,0.281,2.89,2.568,3
1983.74,1989.00,637.03,0.438,2.80,3.114,3
1987.47,1994.00,757.72,0.344,2.88,2.623,3
1990.18,2003.00,779.21,0.297,2.89,2.554,3
1991.79,2004.00,728.27,0.438,2.86,2.735,3
1994.40,2004.00,1234.42,0.359,3.09,1.616,3
1992.74,2005.00,849.61,0.484,2.93,2.345,3
1992.22,2006.00,1421.00,0.266,3.15,1.402,3
1992.69,2002.00,1339.35,0.297,3.13,1.488,3
1996.19,2006.00,1517.41,0.172,3.18,1.316,3
1994.15,2005.00,1198.89,0.203,3.08,1.663,3
1993.22,2005.00,1486.48,0.141,3.17,1.341,3
1989.18,2000.00,1537.25,0.094,3.19,1.294,3
1984.07,1992.00,1580.97,0.141,3.20,1.255,3
1974.75,1989.00,1566.98,0.141,3.20,1.260,3
1967.03,1986.00,1491.90,0.219,3.17,1.318,3
1960.24,1972.00,1597.45,0.109,3.20,1.227,3
1955.60,1970.00,1530.40,0.188,3.18,1.278,3
1954.68,1971.00,1569.32,0.078,3.20,1.246,3
1958.77,1972.00,1402.96,0.109,3.15,1.396,3
1968.59,1978.00,1740.20,0.203,3.24,1.131,3
1974.47,1987.00,1487.39,0.281,3.17,1.327,3
1974.05,1988.00,1314.66,0.000,3.12,1.502,3
1976.63,1990.00,1312.09,0.000,3.12,1.506,3
1981.04,1992.00,1628.37,0.062,3.21,1.217,3
1980.90,1989.00,1651.89,0.328,3.22,1.199,3
1979.65,1990.00,1587.52,0.125,3.20,1.247,3
1979.21,1988.00,1315.31,0.031,3.12,1.505,3
1975.25,1986.00,1314.46,0.000,3.12,1.503,3
1974.49,1987.00,1214.00,0.062,3.08,1.626,3
1976.26,1990.00,653.39,0.422,2.82,3.025,3
1973.77,1987.00,938.96,0.250,2.97,2.102,3
1972.75,1990.00,720.62,0.500,2.86,2.738,3
1973.52,1986.00,768.82,0.438,2.89,2.567,3
1974.60,1987.00,735.92,0.391,2.87,2.683,3
1974.30,1987.00,772.59,0.281,2.89,2.555,3
1973.60,1986.00,757.42,0.406,2.88,2.606,3
1974.46,1988.00,718.39,0.406,2.86,2.748,3
1974.18,1987.00,941.77,0.219,2.97,2.096,3
1973.16,1988.00,1012.67,0.219,3.01,1.948,3
1973.22,1984.00,655.06,0.312,2.82,3.012,3
1977.93,1988.00,784.20,0.328,2.89,2.522,3
1976.91,1989.00,792.14,0.250,2.90,2.496,3
1978.66,1989.00,774.51,0.250,2.89,2.555,3
1984.96,1991.00,676.70,0.438,2.83,2.933,3
1989.96,2004.00,845.01,0.438,2.93,2.355,3
1996.48,2007.00,1299.55,0.297,3.11,1.536,3
1997.82,2007.00,1081.67,0.328,3.03,1.847,3
1999.55,2007.00,841.61,0.406,2.93,2.376,3
2000.40,2015.00,1101.34,0.344,3.04,1.816,3
1993.36,2005.00,1477.36,0.188,3.17,1.349,3
1988.74,2003.00,1597.86,0.156,3.20,1.245,3
1981.57,1991.00,1451.61,0.156,3.16,1.365,3
1978.58,1987.00,1520.45,0.062,3.18,1.301,3
1975.00,1990.00,1401.38,0.109,3.15,1.409,3
1974.88,1988.00,1516.08,0.109,3.18,1.303,3
1973.50,1986.00,1490.65,0.188,3.17,1.324,3
1970.69,1984.00,1475.26,0.078,3.17,1.336,3
1968.68,1974.00,1458.11,0.188,3.16,1.350,3
1967.87,1975.00,1424.12,0.188,3.15,1.382,3
1966.12,1984.00,1362.16,0.109,3.13,1.443,3
1962.91,1976.00,1478.77,0.109,3.17,1.327,3
1960.19,1973.00,1508.36,0.062,3.18,1.300,3
1960.39,1972.00,1469.67,0.125,3.17,1.334,3
1963.40,1974.00,1449.07,0.125,3.16,1.355,3
1966.48,1973.00,1211.51,0.203,3.08,1.623,3
1971.19,1984.00,748.79,0.391,2.87,2.633,3
1974.66,1986.00,646.24,0.453,2.81,3.056,3
1974.27,1985.00,823.61,0.266,2.92,2.397,3
1974.50,1986.00,722.50,0.406,2.86,2.733,3
1976.35,1988.00,745.86,0.328,2.87,2.650,3
1975.21,1988.00,730.78,0.328,2.86,2.703,3
1973.77,1984.00,794.60,0.344,2.90,2.484,3
1973.24,1986.00,694.87,0.359,2.84,2.840,3
1973.89,1986.00,872.23,0.328,2.94,2.263,3
1972.96,1984.00,1287.21,0.484,3.11,1.533,3
1972.19,1977.00,1298.09,0.438,3.11,1.519,3
1972.80,1987.00,1362.46,0.500,3.13,1.448,3
1974.71,1987.00,1329.18,0.609,3.12,1.486,3
1974.54,1987.00,1078.84,0.516,3.03,1.830,3
1972.46,1985.00,1342.64,0.625,3.13,1.469,3
1976.19,1989.00,1262.12,0.625,3.10,1.566,3
1975.18,1988.00,1183.96,0.562,3.07,1.668,3
1974.22,1987.00,1263.54,0.703,3.10,1.562,3
1975.66,1989.00,1274.36,0.609,3.11,1.550,3
1975.15,1987.00,1275.42,0.578,3.11,1.549,3
1975.25,1992.00,1306.90,0.562,3.12,1.511,3
1976.40,1988.00,1197.78,0.594,3.08,1.650,3
1977.98,1991.00,1116.86,0.578,3.05,1.771,3
1981.87,1991.00,1245.61,0.609,3.10,1.591,3
1982.28,1992.00,1226.72,0.531,3.09,1.616,3
1986.08,1994.00,1245.14,0.453,3.10,1.595,3
1989.93,2004.00,1197.64,0.531,3.08,1.662,3
1991.10,2004.00,1302.26,0.547,3.11,1.529,3
1993.21,2007.00,1224.46,0.469,3.09,1.628,3
2000.55,2007.00,1284.35,0.562,3.11,1.558,3
2003.43,2018.00,1406.19,0.391,3.15,1.425,3
2001.22,2009.00,1482.66,0.234,3.17,1.350,3
1996.26,2007.00,1562.41,0.156,3.19,1.278,3
1990.52,2007.00,1495.13,0.141,3.17,1.331,3
1984.57,1991.00,1644.37,0.125,3.22,1.207,3
1977.68,2001.00,1584.91,0.172,3.20,1.248,3
1966.61,1976.00,1548.79,0.172,3.19,1.270,3
1956.33,1973.00,1593.52,0.109,3.20,1.228,3
1952.38,1962.00,1547.86,0.109,3.19,1.261,3
1955.60,1970.00,1532.55,0.156,3.19,1.276,3
1960.33,1971.00,1615.07,0.125,3.21,1.214,3
1966.62,1976.00,1475.06,0.172,3.17,1.333,3
1971.61,1986.00,1331.17,0.188,3.12,1.481,3
1974.79,1988.00,1315.04,0.000,3.12,1.502,3
1978.09,1989.00,1345.25,0.250,3.13,1.470,3
1981.16,1994.00,1365.24,0.250,3.14,1.451,3
1979.65,1991.00,1528.23,0.234,3.18,1.295,3
1981.30,1991.00,1509.54,0.438,3.18,1.313,3
1979.68,1991.00,1512.95,0.234,3.18,1.308,3
1976.07,1989.00,1314.69,0.250,3.12,1.503,3
1974.63,1987.00,1197.87,0.188,3.08,1.648,3
1976.08,1991.00,1165.56,0.547,3.07,1.695,3
1974.49,1989.00,1187.79,0.406,3.07,1.662,3
1974.35,1988.00,1291.63,0.625,3.11,1.529,3
1975.10,1986.00,1317.73,0.562,3.12,1.499,3
1972.77,1985.00,1204.60,0.594,3.08,1.638,3
1971.39,1984.00,1105.65,0.469,3.04,1.783,3
1968.79,1977.00,1302.72,0.578,3.11,1.511,3
1970.82,1985.00,1237.34,0.531,3.09,1.593,3
1970.51,1985.00,1301.98,0.547,3.11,1.513,3
1973.05,1986.00,1267.18,0.547,3.10,1.557,3
1975.29,1988.00,1271.55,0.656,3.10,1.553,3
1980.40,1990.00,1225.49,0.547,3.09,1.616,3
1982.32,1992.00,1182.39,0.625,3.07,1.677,3
1987.47,1992.00,1160.64,0.562,3.06,1.712,3
1992.41,2004.00,1138.79,0.578,3.06,1.750,3
1996.90,2007.00,1429.81,0.391,3.16,1.397,3
1997.02,2007.00,1331.33,0.469,3.12,1.500,3
1999.99,2015.00,1265.61,0.625,3.10,1.580,3
1998.07,2007.00,1305.44,0.531,3.12,1.531,3
1991.96,2003.00,1653.53,0.203,3.22,1.205,3
1984.99,2001.00,1473.84,0.141,3.17,1.347,3
1982.34,2002.00,1625.00,0.109,3.21,1.220,3
1978.30,1987.00,1470.87,0.141,3.17,1.345,3
1976.35,1988.00,1546.93,0.172,3.19,1.278,3
1974.66,1989.00,1455.28,0.094,3.16,1.357,3
1973.41,1987.00,1593.46,0.188,3.20,1.238,3
1968.99,1984.00,1550.68,0.109,3.19,1.270,3
1964.63,1975.00,1423.32,0.125,3.15,1.380,3
1965.52,1975.00,1502.75,0.172,3.18,1.308,3
1969.65,1976.00,1544.48,0.203,3.19,1.275,3
1970.27,1977.00,1583.63,0.188,3.20,1.244,3
1967.73,1975.00,1433.47,0.188,3.16,1.373,3
1967.45,1977.00,1506.40,0.172,3.18,1.306,3
1966.23,1973.00,1557.35,0.234,3.19,1.263,3
1963.55,1975.00,1439.58,0.141,3.16,1.364,3
1964.40,1974.00,1435.90,0.203,3.16,1.368,3
1969.26,1976.00,1560.18,0.156,3.19,1.262,3
1968.91,1984.00,1478.40,0.125,3.17,1.332,3
1970.22,1985.00,1482.08,0.141,3.17,1.329,3
1973.86,1987.00,1496.70,0.250,3.18,1.319,3
1975.41,1988.00,1355.55,0.312,3.13,1.457,3
1974.57,1986.00,1294.09,0.328,3.11,1.526,3
1974.29,1987.00,1337.05,0.328,3.13,1.477,3
1972.72,1984.00,1283.50,0.484,3.11,1.537,3
1971.88,1985.00,1225.41,0.516,3.09,1.609,3
1972.04,1985.00,1188.72,0.469,3.08,1.659,3
1974.18,1988.00,1369.95,0.500,3.14,1.441,3
1974.85,1988.00,1213.28,0.453,3.08,1.628,3
1981.04,1991.00,1307.36,0.562,3.12,1.515,3
1983.18,1993.00,1178.33,0.359,3.07,1.683,3
1984.51,2001.00,1274.59,0.516,3.11,1.557,3
1988.16,2000.00,1124.06,0.406,3.05,1.769,3
1989.75,2004.00,1284.63,0.453,3.11,1.549,3
1992.30,2003.00,1380.81,0.406,3.14,1.443,3
1998.40,2006.00,1208.45,0.453,3.08,1.654,3
2000.55,2009.00,1282.30,0.453,3.11,1.560,3
2001.47,2008.00,1089.70,0.453,3.04,1.837,3
1997.57,2005.00,1293.45,0.188,3.11,1.544,3
1988.65,2004.00,1523.95,0.141,3.18,1.305,3
1978.49,1989.00,1671.88,0.172,3.22,1.183,3
1971.01,1987.00,1600.94,0.156,3.20,1.231,3
1966.09,1977.00,1560.40,0.109,3.19,1.260,3
1966.32,1975.00,1461.83,0.125,3.16,1.345,3
1965.16,1975.00,1525.86,0.188,3.18,1.288,3
1968.38,1976.00,1523.42,0.188,3.18,1.292,3
1974.60,1989.00,1489.79,0.125,3.17,1.325,3
1978.48,1989.00,1260.27,0.094,3.10,1.570,3
1982.26,1991.00,1310.00,0.297,3.12,1.513,3
1985.18,1992.00,1151.89,0.328,3.06,1.723,3
1985.60,1992.00,1292.18,0.484,3.11,1.537,3
1980.65,1992.00,1143.76,0.438,3.06,1.732,3
1979.82,1991.00,1192.07,0.547,3.08,1.661,3
1979.29,1990.00,1150.94,0.484,3.06,1.720,3
1981.18,1990.00,1194.75,0.578,3.08,1.658,3
1977.45,1988.00,1144.28,0.562,3.06,1.728,3
1976.18,1990.00,1239.00,0.531,3.09,1.595,3
1976.94,1989.00,1132.39,0.547,3.05,1.746,3
1974.99,1986.00,1269.04,0.453,3.10,1.556,3
1972.53,1984.00,1107.46,0.578,3.04,1.781,3
1972.96,1987.00,1061.49,0.469,3.03,1.859,3
1970.16,1986.00,1079.83,0.609,3.03,1.825,3
1966.05,1974.00,1310.60,0.391,3.12,1.500,3
1958.73,1973.00,1072.00,0.469,3.03,1.827,3
1955.91,1970.00,1079.61,0.391,3.03,1.812,3
1957.58,1968.00,1213.14,0.297,3.08,1.614,3
1957.88,1986.00,1044.37,0.531,3.02,1.875,3
1958.61,1970.00,1676.71,0.328,3.22,1.168,3
1966.59,1974.00,1629.67,0.266,3.21,1.207,3
1969.71,1986.00,1411.91,0.094,3.15,1.395,3
1973.77,1986.00,988.53,0.344,2.99,1.997,3
1982.66,1990.00,1139.97,0.578,3.06,1.739,3
1986.22,1994.00,1068.11,0.391,3.03,1.860,3
1988.28,1993.00,1009.77,0.359,3.00,1.969,3
1992.99,2003.00,1335.78,0.359,3.13,1.492,3
1998.59,2009.00,1027.72,0.312,3.01,1.945,3
1998.44,2006.00,1454.67,0.453,3.16,1.374,3
1995.90,2007.00,1024.45,0.516,3.01,1.948,3
1994.35,2007.00,1065.27,0.344,3.03,1.872,3
1992.22,2003.00,1631.89,0.188,3.21,1.221,3
1990.43,2001.00,1460.99,0.156,3.16,1.362,3
1986.63,2003.00,1648.78,0.156,3.22,1.205,3
1981.54,1991.00,1508.66,0.188,3.18,1.313,3
1977.49,1988.00,1519.01,0.109,3.18,1.302,3
1973.88,1989.00,1580.05,0.203,3.20,1.249,3
1972.72,1989.00,1440.75,0.125,3.16,1.369,3
1972.41,1988.00,1564.60,0.141,3.19,1.261,3
1969.49,1975.00,1437.47,0.125,3.16,1.370,3
1969.24,1978.00,1598.35,0.234,3.20,1.232,3
1968.99,1976.00,1420.42,0.125,3.15,1.386,3
1973.11,1984.00,1567.32,0.203,3.20,1.259,3
1971.43,1991.00,1513.00,0.109,3.18,1.303,3
1966.49,1984.00,1396.28,0.188,3.14,1.408,3
1963.80,1975.00,1426.06,0.219,3.15,1.377,3
1961.60,1973.00,1480.71,0.156,3.17,1.325,3
1961.96,1973.00,1473.30,0.125,3.17,1.332,3
1966.52,1984.00,1516.99,0.062,3.18,1.296,3
1970.91,1975.00,1469.91,0.156,3.17,1.341,3
1970.82,1977.00,1464.86,0.188,3.17,1.345,3
1973.14,1984.00,1413.70,0.188,3.15,1.396,3
1975.93,1987.00,1337.95,0.312,3.13,1.477,3
1975.88,1987.00,1310.43,0.406,3.12,1.508,3
1975.04,1987.00,1132.98,0.359,3.05,1.743,3
1974.54,1985.00,1253.29,0.484,3.10,1.575,3
1971.93,1984.00,1314.81,0.469,3.12,1.500,3
1970.30,1984.00,1192.82,0.422,3.08,1.652,3
1969.53,1986.00,1266.46,0.312,3.10,1.555,3
1971.69,1987.00,1227.48,0.453,3.09,1.606,3
1973.07,1988.00,1248.00,0.359,3.10,1.581,3
1972.60,1984.00,1299.21,0.453,3.11,1.518,3
1976.58,1988.00,980.18,0.391,2.99,2.017,3
1975.02,1987.00,932.28,0.312,2.97,2.118,3
1976.84,1990.00,1065.13,0.344,3.03,1.856,3
1974.06,1985.00,1071.08,0.250,3.03,1.843,3
1975.40,1986.00,1120.55,0.328,3.05,1.763,3
1974.96,1987.00,876.22,0.375,2.94,2.254,3
1974.71,1985.00,1201.37,0.312,3.08,1.644,3
1974.21,1987.00,1189.19,0.328,3.08,1.660,3
1974.35,1986.00,1051.81,0.312,3.02,1.877,3
1977.55,1988.00,1058.07,0.266,3.02,1.869,3
1977.02,1991.00,1183.66,0.328,3.07,1.670,3
1978.26,1990.00,938.91,0.375,2.97,2.107,3
1976.30,1990.00,1089.12,0.359,3.04,1.815,3
1979.40,1989.00,872.27,0.453,2.94,2.269,3
1979.94,1990.00,1201.78,0.344,3.08,1.648,3
1978.82,1989.00,1123.40,0.219,3.05,1.761,3
1982.76,1992.00,1213.19,0.344,3.08,1.634,3
1985.37,2003.00,1021.48,0.375,3.01,1.944,3
1988.63,1993.00,1195.16,0.359,3.08,1.664,3
1994.94,2003.00,1490.48,0.406,3.17,1.338,3
2005.41,2017.00,1479.00,0.266,3.17,1.356,3
2004.72,2017.00,1452.09,0.109,3.16,1.381,3
1999.09,2008.00,1363.46,0.281,3.13,1.466,3
1992.50,2005.00,1587.15,0.281,3.20,1.255,3
1979.93,1990.00,1637.73,0.203,3.21,1.209,3
1970.88,1977.00,1565.67,0.156,3.19,1.259,3
1965.48,1976.00,1600.03,0.156,3.20,1.228,3
1961.06,1974.00,1483.48,0.078,3.17,1.322,3
1963.51,1975.00,1561.52,0.109,3.19,1.257,3
1968.96,1976.00,1626.77,0.094,3.21,1.210,3
1976.74,1988.00,1654.17,0.141,3.22,1.195,3
1980.42,1992.00,1442.13,0.156,3.16,1.373,3
1980.51,1990.00,1319.37,0.000,3.12,1.501,3
1978.91,1990.00,1284.67,0.031,3.11,1.540,3
1981.10,1992.00,1181.79,0.062,3.07,1.676,3
1978.96,2028.00,1011.09,0.438,3.00,1.957,3
1979.32,1989.00,1506.51,0.109,3.18,1.314,3
1980.65,1989.00,1426.10,0.219,3.15,1.389,3
1977.48,1989.00,1103.08,0.312,3.04,1.793,3
1973.71,1986.00,1404.09,0.219,3.15,1.406,3
1970.61,1985.00,1256.18,0.047,3.10,1.569,3
1970.86,1976.00,1040.82,0.312,3.02,1.894,3
1968.73,1977.00,1459.31,0.234,3.16,1.349,3
1966.98,1974.00,1337.37,0.281,3.13,1.471,3
1964.12,1977.00,1203.06,0.344,3.08,1.633,3
1966.02,1974.00,983.40,0.422,2.99,1.999,3
1967.62,1976.00,1140.87,0.297,3.06,1.725,3
1968.83,1984.00,1079.20,0.406,3.03,1.824,3
1970.51,1986.00,1185.80,0.391,3.07,1.662,3
1972.14,1977.00,933.00,0.375,2.97,2.114,3
1970.32,1977.00,1174.97,0.297,3.07,1.677,3
1971.03,1977.00,1205.52,0.297,3.08,1.635,3
1970.58,1976.00,1604.41,0.344,3.21,1.228,3
1969.45,1984.00,1594.79,0.359,3.20,1.235,3
1968.44,1975.00,1593.78,0.422,3.20,1.235,3
1970.30,1985.00,1596.28,0.281,3.20,1.234,3
1973.22,1986.00,1404.68,0.188,3.15,1.405,3
1972.63,1987.00,1316.54,0.000,3.12,1.498,3
1976.44,1990.00,1214.92,0.266,3.08,1.627,3
1983.33,1991.00,1179.56,0.391,3.07,1.681,3
1988.30,2003.00,1385.48,0.297,3.14,1.435,3
1993.79,2006.00,1008.91,0.406,3.00,1.976,3
2004.11,2009.00,934.23,0.391,2.97,2.145,3
2009.02,2020.00,1519.79,0.422,3.18,1.322,3
2007.63,2018.00,1271.77,0.391,3.10,1.579,3
2000.21,2007.00,1106.79,0.172,3.04,1.807,3
1996.51,2007.00,1586.78,0.234,3.20,1.258,3
1987.75,2001.00,1603.15,0.234,3.20,1.240,3
1976.29,1991.00,1600.56,0.297,3.20,1.235,3
1973.29,1987.00,1467.91,0.188,3.17,1.344,3
1974.15,1986.00,1561.27,0.188,3.19,1.264,3
1970.60,1977.00,1465.25,0.094,3.17,1.345,3
1967.62,1976.00,1518.64,0.219,3.18,1.296,3
1966.29,1975.00,1408.59,0.141,3.15,1.396,3
1966.99,1975.00,1556.33,0.203,3.19,1.264,3
1967.16,1975.00,1513.96,0.141,3.18,1.299,3
1968.24,1975.00,1473.65,0.156,3.17,1.336,3
1967.21,1976.00,1439.86,0.156,3.16,1.366,3
1963.15,1973.00,1469.48,0.156,3.17,1.336,3
1960.55,1972.00,1273.84,0.188,3.11,1.539,3
1961.08,1974.00,1104.12,0.391,3.04,1.776,3
1969.05,1977.00,926.45,0.438,2.97,2.125,3
1970.46,1978.00,1077.08,0.375,3.03,1.829,3
1972.36,1984.00,1104.78,0.484,3.04,1.785,3
1974.02,1987.00,1236.30,0.359,3.09,1.597,3
1973.24,1984.00,1118.79,0.375,3.05,1.764,3
1969.62,1976.00,1279.90,0.391,3.11,1.539,3
1970.44,1986.00,1040.85,0.438,3.02,1.893,3
1971.93,1984.00,937.87,0.312,2.97,2.103,3
1975.07,1988.00,1151.46,0.469,3.06,1.715,3
1975.43,1986.00,1184.99,0.500,3.07,1.667,3
1977.15,1989.00,880.11,0.453,2.94,2.246,3
1974.97,1987.00,1038.57,0.469,3.02,1.902,3
1976.73,1988.00,968.36,0.500,2.99,2.041,3
1977.10,1989.00,1087.29,0.391,3.04,1.818,3
1976.79,1987.00,952.70,0.547,2.98,2.075,3
1976.29,1987.00,1050.94,0.531,3.02,1.880,3
1976.30,1990.00,1093.22,0.500,3.04,1.808,3
1976.79,1990.00,1148.77,0.359,3.06,1.721,3
1976.58,1989.00,968.88,0.562,2.99,2.040,3
1974.90,1988.00,826.10,0.500,2.92,2.391,3
1976.24,1988.00,1092.52,0.453,3.04,1.809,3
1974.82,1986.00,990.35,0.547,3.00,1.994,3
1973.44,1985.00,832.23,0.531,2.92,2.371,3
1975.08,1987.00,1006.94,0.406,3.00,1.961,3
1975.47,1988.00,964.20,0.484,2.98,2.049,3
1974.69,1986.00,900.15,0.484,2.95,2.194,3
1973.61,1987.00,1090.20,0.453,3.04,1.810,3
1973.18,1985.00,1224.57,0.547,3.09,1.611,3
1974.29,1988.00,1310.36,0.562,3.12,1.507,3
1973.12,1988.00,1163.56,0.594,3.07,1.696,3
1973.39,1987.00,1172.30,0.531,3.07,1.683,3
1975.99,1989.00,1224.16,0.453,3.09,1.614,3
1978.37,1989.00,1178.64,0.516,3.07,1.679,3
1979.35,1990.00,1187.58,0.531,3.07,1.667,3
1982.24,1993.00,1137.66,0.531,3.06,1.742,3
1986.99,2003.00,1444.20,0.500,3.16,1.376,3
1988.36,2004.00,1215.56,0.531,3.08,1.636,3
1992.29,2006.00,1485.99,0.469,3.17,1.341,3
1998.63,2005.00,1507.69,0.266,3.18,1.326,3
2002.13,2008.00,1540.97,0.234,3.19,1.299,3
2000.96,2005.00,1512.45,0.141,3.18,1.323,3
1995.34,2006.00,1513.10,0.172,3.18,1.319,3
1989.79,2005.00,1575.35,0.156,3.20,1.263,3
1981.32,1990.00,1604.55,0.156,3.21,1.235,3
1971.55,1977.00,1604.10,0.188,3.21,1.229,3
1963.17,1975.00,1579.51,0.156,3.20,1.243,3
1959.58,1973.00,1541.56,0.109,3.19,1.271,3
1960.40,1976.00,1555.21,0.109,3.19,1.261,3
1966.48,1975.00,1510.75,0.172,3.18,1.302,3
1971.93,1984.00,1457.11,0.172,3.16,1.353,3
1977.66,1990.00,1596.93,0.109,3.20,1.238,3
1980.67,1990.00,1709.15,0.062,3.23,1.159,3
1980.98,1992.00,1318.85,0.000,3.12,1.502,3
1980.80,1991.00,1310.58,0.000,3.12,1.511,3
1985.91,1994.00,1236.56,0.281,3.09,1.606,3
1984.78,2048.00,1030.88,0.453,3.01,1.925,3
1979.99,1989.00,1178.66,0.594,3.07,1.680,3
1980.68,1991.00,1134.90,0.531,3.05,1.745,3
1978.26,1990.00,1054.51,0.500,3.02,1.876,3
1974.83,1989.00,1057.66,0.656,3.02,1.867,3
1974.36,1987.00,899.69,0.578,2.95,2.194,3
1973.24,1987.00,1152.18,0.562,3.06,1.713,3
1970.96,1986.00,892.05,0.578,2.95,2.209,3
1969.77,1978.00,1009.48,0.625,3.00,1.951,3
1969.71,1977.00,1042.24,0.438,3.02,1.890,3
1970.69,1984.00,968.01,0.500,2.99,2.036,3
1970.44,1978.00,1130.25,0.484,3.05,1.743,3
1971.46,1984.00,897.21,0.516,2.95,2.197,3
1972.73,1985.00,956.13,0.453,2.98,2.063,3
1970.96,1976.00,1068.62,0.438,3.03,1.844,3
1971.46,1985.00,1193.88,0.562,3.08,1.651,3
1972.86,1987.00,1091.14,0.484,3.04,1.808,3
1972.26,1989.00,1155.37,0.469,3.06,1.707,3
1969.58,1976.00,1246.72,0.438,3.10,1.580,3
1969.32,1977.00,1133.36,0.578,3.05,1.738,3
1968.51,1976.00,1052.08,0.422,3.02,1.871,3
1969.36,1988.00,1164.89,0.500,3.07,1.691,3
1968.83,1975.00,1180.24,0.516,3.07,1.668,3
1967.65,1975.00,1142.93,0.516,3.06,1.722,3
1969.76,1976.00,1492.80,0.312,3.17,1.320,3
1971.21,1976.00,1374.26,0.219,3.14,1.434,3
1973.44,1986.00,1367.43,0.438,3.14,1.443,3
1975.65,1989.00,1238.38,0.281,3.09,1.595,3
1976.71,1989.00,1190.09,0.625,3.08,1.661,3
1977.37,1988.00,1096.19,0.500,3.04,1.804,3
1984.18,1993.00,1251.34,0.344,3.10,1.586,3
1990.54,2002.00,1397.86,0.359,3.15,1.424,3
1995.99,2006.00,1235.30,0.516,3.09,1.616,3
2000.19,2007.00,1204.12,0.469,3.08,1.661,3
2004.67,2018.00,1375.28,0.422,3.14,1.458,3
2005.13,2021.00,1405.61,0.375,3.15,1.427,3
2001.24,2008.00,1202.88,0.578,3.08,1.664,3
1999.98,2015.00,1325.46,0.531,3.12,1.509,3
1992.72,2006.00,1617.49,0.281,3.21,1.232,3
1982.91,1990.00,1465.50,0.188,3.17,1.353,3
1975.32,1990.00,1611.53,0.188,3.21,1.226,3
1973.15,1986.00,1518.25,0.109,3.18,1.300,3
1972.48,1986.00,1568.78,0.141,3.20,1.257,3
1969.79,1976.00,1485.56,0.156,3.17,1.326,3
1970.16,1984.00,1529.15,0.125,3.18,1.288,3
1967.07,1976.00,1534.62,0.188,3.19,1.282,3
1966.87,1974.00,1517.05,0.141,3.18,1.297,3
1966.54,1974.00,1426.39,0.125,3.15,1.379,3
1966.03,1976.00,1551.42,0.172,3.19,1.267,3
1968.69,1977.00,1535.29,0.156,3.19,1.282,3
1964.09,1976.00,1460.89,0.141,3.16,1.344,3
1961.38,1973.00,1421.49,0.156,3.15,1.380,3
1961.55,1975.00,1460.90,0.156,3.16,1.343,3
1961.94,1973.00,1393.44,0.156,3.14,1.408,3
1965.23,1974.00,1329.18,0.156,3.12,1.479,3
1970.44,1975.00,1363.75,0.375,3.13,1.445,3
1974.27,1985.00,1200.01,0.453,3.08,1.645,3
1973.77,1987.00,1343.83,0.469,3.13,1.469,3
1973.24,1986.00,1235.56,0.500,3.09,1.597,3
1975.83,1988.00,1232.44,0.688,3.09,1.603,3
1975.41,1989.00,1202.40,0.594,3.08,1.643,3
1975.85,1990.00,1251.07,0.656,3.10,1.579,3
1977.18,1990.00,1269.09,0.625,3.10,1.558,3
1976.07,1987.00,1254.95,0.562,3.10,1.575,3
1975.94,1989.00,1414.25,0.609,3.15,1.397,3
1975.08,1987.00,1294.91,0.656,3.11,1.525,3
1975.46,1988.00,1215.05,0.531,3.08,1.626,3
1976.94,1990.00,1203.87,0.469,3.08,1.642,3
1974.72,1986.00,1342.38,0.609,3.13,1.471,3
1972.54,1986.00,1199.88,0.594,3.08,1.644,3
1974.02,1986.00,1352.25,0.625,3.13,1.460,3
1975.88,1987.00,1237.65,0.578,3.09,1.596,3
1974.72,1987.00,1231.56,0.688,3.09,1.603,3
1974.02,1986.00,1081.07,0.484,3.03,1.826,3
1976.05,1987.00,1136.69,0.484,3.06,1.738,3
1975.85,1989.00,1116.10,0.500,3.05,1.770,3
1974.88,1986.00,1384.90,0.312,3.14,1.426,3
1974.97,1987.00,1375.00,0.375,3.14,1.436,3
1977.87,1990.00,1274.95,0.453,3.11,1.551,3
1978.37,1990.00,1202.33,0.578,3.08,1.645,3
1983.76,1992.00,1153.21,0.609,3.06,1.720,3
1989.88,2002.00,1272.36,0.531,3.10,1.564,3
1992.79,2004.00,1363.77,0.484,3.13,1.461,3
1997.12,2008.00,1442.84,0.453,3.16,1.384,3
2004.85,2017.00,1253.70,0.344,3.10,1.599,3
2005.41,2019.00,1253.52,0.438,3.10,1.600,3
2002.25,2009.00,1516.40,0.219,3.18,1.320,3
1991.24,2003.00,1457.61,0.172,3.16,1.366,3
1984.15,2001.00,1542.19,0.219,3.19,1.287,3
1975.18,1988.00,1577.59,0.156,3.20,1.252,3
1965.35,1975.00,1510.82,0.094,3.18,1.301,3
1959.32,1972.00,1481.57,0.125,3.17,1.322,3
1959.99,1973.00,1452.17,0.156,3.16,1.350,3
1962.73,1973.00,1588.12,0.156,3.20,1.236,3
1967.51,1985.00,1443.17,0.109,3.16,1.363,3
1972.54,1987.00,1552.55,0.266,3.19,1.271,3
1979.30,1991.00,1759.08,0.203,3.25,1.125,3
1980.12,1988.00,1419.12,0.141,3.15,1.395,3
1980.23,1990.00,1315.58,0.000,3.12,1.505,3
1981.82,1990.00,1314.56,0.000,3.12,1.508,3
1982.57,1991.00,940.87,0.266,2.97,2.107,3
1979.46,1992.00,619.27,0.438,2.79,3.196,3
1979.71,1989.00,562.18,0.469,2.75,3.521,3
1977.97,1988.00,662.71,0.359,2.82,2.985,3
1975.96,1986.00,688.53,0.375,2.84,2.870,3
1975.27,1985.00,778.37,0.438,2.89,2.538,3
1975.22,1988.00,749.95,0.406,2.88,2.634,3
1974.05,1986.00,951.34,0.250,2.98,2.075,3
1972.07,1987.00,1438.46,0.094,3.16,1.371,3
1969.19,1977.00,1161.51,0.203,3.07,1.695,3
1970.32,1986.00,968.86,0.219,2.99,2.034,3
1970.80,1976.00,722.55,0.438,2.86,2.728,3
1969.47,1976.00,628.78,0.406,2.80,3.132,3
1969.58,1976.00,812.98,0.219,2.91,2.423,3
1970.85,1976.00,794.08,0.266,2.90,2.482,3
1969.97,1976.00,878.57,0.359,2.94,2.242,3
1970.00,1976.00,803.89,0.281,2.91,2.451,3
1971.61,1976.00,775.85,0.406,2.89,2.541,3
1972.50,1987.00,718.43,0.438,2.86,2.746,3
1972.60,1986.00,857.56,0.375,2.93,2.300,3
1972.99,1986.00,634.37,0.422,2.80,3.110,3
1974.19,1987.00,722.28,0.422,2.86,2.733,3
1974.60,1987.00,826.25,0.328,2.92,2.390,3
1975.18,1988.00,721.48,0.344,2.86,2.738,3
1974.97,1986.00,707.27,0.500,2.85,2.792,3
1980.45,1992.00,794.51,0.375,2.90,2.493,3
1982.98,1990.00,721.07,0.469,2.86,2.750,3
1986.21,1992.00,708.10,0.375,2.85,2.805,3
1989.56,2002.00,737.27,0.359,2.87,2.699,3
1996.68,2008.00,662.08,0.422,2.82,3.016,3
1999.81,2015.00,808.77,0.422,2.91,2.473,3
2001.83,2007.00,1037.95,0.406,3.02,1.929,3
2003.30,2007.00,868.12,0.375,2.94,2.308,3
1999.09,2011.00,864.90,0.453,2.94,2.311,3
1996.66,2007.00,1286.19,0.078,3.11,1.552,3
1991.37,2006.00,1690.74,0.172,3.23,1.178,3
1983.07,2001.00,1473.45,0.219,3.17,1.346,3
1977.23,1991.00,1468.17,0.203,3.17,1.347,3
1973.43,1987.00,1515.45,0.172,3.18,1.302,3
1973.00,1986.00,1442.09,0.125,3.16,1.368,3
1971.33,1976.00,1522.01,0.141,3.18,1.295,3
1965.35,1975.00,1485.51,0.125,3.17,1.323,3
1965.76,1974.00,1481.35,0.125,3.17,1.327,3
1968.02,1976.00,1416.34,0.219,3.15,1.390,3
1968.68,1985.00,1485.93,0.141,3.17,1.325,3
1968.46,1976.00,1414.76,0.141,3.15,1.391,3
1964.91,1974.00,1492.90,0.172,3.17,1.316,3
1963.33,1972.00,1553.26,0.141,3.19,1.264,3
1960.65,1972.00,1396.51,0.141,3.15,1.404,3
1961.74,1973.00,1392.16,0.188,3.14,1.409,3
1965.73,1973.00,1342.93,0.109,3.13,1.464,3
1970.91,1985.00,829.93,0.516,2.92,2.375,3
1973.11,1985.00,960.76,0.234,2.98,2.054,3
1975.79,1986.00,1303.07,0.125,3.11,1.516,3
1976.11,1990.00,1300.94,0.188,3.11,1.519,3
1978.40,1988.00,774.86,0.297,2.89,2.553,3
1978.57,1989.00,696.57,0.328,2.84,2.840,3
1979.66,1989.00,815.25,0.141,2.91,2.428,3
1976.08,1988.00,756.44,0.328,2.88,2.612,3
1973.44,1987.00,777.51,0.219,2.89,2.538,3
1974.80,1987.00,646.09,0.516,2.81,3.057,3
1977.10,1987.00,718.28,0.250,2.86,2.753,3
1976.10,1986.00,705.62,0.422,2.85,2.801,3
1976.15,1988.00,710.23,0.469,2.85,2.782,3
1976.94,1990.00,722.20,0.344,2.86,2.737,3
1977.62,1990.00,793.49,0.438,2.90,2.492,3
1976.88,1988.00,791.96,0.328,2.90,2.496,3
1976.65,1988.00,676.89,0.531,2.83,2.920,3
1978.82,1987.00,787.94,0.391,2.90,2.511,3
1978.87,1989.00,699.38,0.219,2.84,2.829,3
1977.71,1988.00,759.83,0.531,2.88,2.603,3
1980.34,1991.00,752.08,0.562,2.88,2.633,3
1981.09,1990.00,785.66,0.344,2.90,2.522,3
1979.91,1989.00,797.40,0.297,2.90,2.483,3
1978.68,1988.00,722.73,0.344,2.86,2.738,3
1980.66,1989.00,787.05,0.391,2.90,2.517,3
1977.79,1988.00,686.19,0.359,2.84,2.882,3
1974.96,1988.00,806.38,0.469,2.91,2.449,3
1973.94,1986.00,706.49,0.531,2.85,2.794,3
1976.43,1988.00,758.88,0.453,2.88,2.604,3
1976.12,1987.00,678.71,0.359,2.83,2.912,3
1975.72,1987.00,673.70,0.422,2.83,2.933,3
1976.88,1989.00,803.94,0.344,2.91,2.459,3
1977.18,1988.00,881.90,0.391,2.95,2.242,3
1976.22,1986.00,1356.30,0.234,3.13,1.457,3
1975.38,1986.00,990.43,0.203,3.00,1.994,3
1977.80,1988.00,893.98,0.234,2.95,2.212,3
1980.62,1990.00,852.69,0.234,2.93,2.323,3
1982.71,1992.00,929.98,0.375,2.97,2.132,3
1987.61,2001.00,897.31,0.469,2.95,2.215,3
1990.94,2001.00,962.61,0.391,2.98,2.068,3
1993.29,2004.00,1003.31,0.422,3.00,1.987,3
1997.79,2020.00,1093.33,0.469,3.04,1.827,3
2001.85,2015.00,1221.32,0.234,3.09,1.639,3
2002.12,2008.00,1035.81,0.297,3.02,1.933,3
1993.30,2006.00,1469.00,0.219,3.17,1.357,3
1983.03,2002.00,1637.43,0.188,3.21,1.211,3
1973.16,1986.00,1605.79,0.141,3.21,1.229,3
1963.80,1973.00,1549.68,0.141,3.19,1.267,3
1958.19,1970.00,1468.46,0.141,3.17,1.333,3
1962.08,1975.00,1527.18,0.172,3.18,1.285,3
1967.62,1976.00,1561.67,0.078,3.19,1.260,3
1970.54,1988.00,1583.61,0.094,3.20,1.244,3
1973.82,1990.00,1491.98,0.172,3.17,1.323,3
1977.82,1990.00,1362.21,0.156,3.13,1.452,3
1979.93,1992.00,1415.31,0.156,3.15,1.399,3
1979.88,1990.00,1380.26,0.062,3.14,1.434,3
1983.29,2001.00,1667.89,0.047,3.22,1.189,3
1987.27,2002.00,1733.41,0.156,3.24,1.146,3
1983.43,1991.00,1326.99,0.141,3.12,1.495,3
1983.98,1993.00,1241.65,0.062,3.09,1.598,3
1981.90,1992.00,1288.14,0.172,3.11,1.539,3
1979.91,1990.00,1390.62,0.281,3.14,1.424,3
1975.93,1990.00,1329.48,0.312,3.12,1.486,3
1973.66,1986.00,1073.19,0.359,3.03,1.839,3
1975.27,1987.00,948.12,0.391,2.98,2.083,3
1974.50,1987.00,854.14,0.422,2.93,2.312,3
1971.52,1985.00,951.28,0.359,2.98,2.072,3
1969.35,1976.00,645.63,0.453,2.81,3.050,3
1969.96,1976.00,960.08,0.344,2.98,2.052,3
1966.74,1977.00,666.69,0.578,2.82,2.950,3
1966.51,1974.00,808.45,0.156,2.91,2.432,3
1968.57,1977.00,570.04,0.375,2.76,3.453,3
1970.00,1976.00,884.46,0.328,2.95,2.227,3
1969.41,1975.00,717.03,0.438,2.86,2.747,3
1971.52,1985.00,777.83,0.391,2.89,2.535,3
1974.08,1986.00,866.55,0.359,2.94,2.278,3
1973.27,1986.00,846.03,0.359,2.93,2.332,3
1974.13,1986.00,894.05,0.375,2.95,2.208,3
1973.42,1985.00,774.32,0.406,2.89,2.549,3
1974.73,1986.00,936.27,0.297,2.97,2.109,3
1974.00,1985.00,923.60,0.250,2.97,2.137,3
1976.62,1989.00,716.26,0.375,2.86,2.760,3
1981.43,1991.00,771.02,0.359,2.89,2.570,3
1983.95,2002.00,905.20,0.406,2.96,2.192,3
1986.99,2002.00,898.05,0.234,2.95,2.213,3
1990.33,2003.00,738.89,0.438,2.87,2.694,3
1996.85,2007.00,860.07,0.234,2.93,2.322,3
1998.16,2007.00,1291.27,0.312,3.11,1.547,3
2001.83,2008.00,842.10,0.391,2.93,2.377,3
2002.76,2018.00,1553.78,0.125,3.19,1.289,3
1996.26,2005.00,1503.49,0.234,3.18,1.328,3
1988.76,2006.00,1527.35,0.156,3.18,1.302,3
1979.71,1991.00,1437.32,0.141,3.16,1.377,3
1975.46,1987.00,1459.68,0.109,3.16,1.353,3
1972.69,1987.00,1526.31,0.141,3.18,1.292,3
1969.62,1984.00,1552.24,0.062,3.19,1.269,3
1966.27,1974.00,1416.58,0.109,3.15,1.388,3
1965.71,1973.00,1564.99,0.141,3.19,1.256,3
1963.01,1974.00,1432.54,0.156,3.16,1.370,3
1965.67,1976.00,1541.30,0.156,3.19,1.275,3
1968.93,1975.00,1450.55,0.125,3.16,1.357,3
1966.66,1976.00,1443.65,0.094,3.16,1.362,3
1962.88,1973.00,1499.54,0.125,3.18,1.309,3
1962.12,1973.00,1433.92,0.109,3.16,1.368,3
1969.61,1977.00,1407.36,0.094,3.15,1.400,3
1972.85,1984.00,1448.96,0.094,3.16,1.362,3
1974.63,1986.00,1451.18,0.125,3.16,1.361,3
1977.80,1988.00,1103.13,0.188,3.04,1.793,3
1976.50,1990.00,1044.65,0.266,3.02,1.892,3
1973.86,1977.00,945.44,0.234,2.98,2.088,3
1975.10,1988.00,774.09,0.469,2.89,2.552,3
1978.65,1989.00,905.32,0.250,2.96,2.186,3
1978.77,1990.00,942.30,0.344,2.97,2.100,3
1977.88,1988.00,996.41,0.344,3.00,1.985,3
1978.57,1989.00,747.51,0.438,2.87,2.647,3
1979.13,1991.00,686.72,0.328,2.84,2.882,3
1977.85,1987.00,739.98,0.375,2.87,2.673,3
1977.58,1989.00,786.60,0.406,2.90,2.514,3
1978.98,1990.00,692.29,0.297,2.84,2.859,3
1977.46,1989.00,764.39,0.344,2.88,2.587,3
1977.13,1989.00,688.47,0.359,2.84,2.872,3
1976.32,1990.00,782.57,0.391,2.89,2.525,3
1979.76,1991.00,779.66,0.375,2.89,2.539,3
1981.84,1991.00,746.70,0.422,2.87,2.654,3
1981.85,1992.00,909.54,0.297,2.96,2.179,3
1982.87,1991.00,642.85,0.469,2.81,3.085,3
1986.29,1992.00,776.73,0.344,2.89,2.557,3
1988.86,1994.00,918.22,0.328,2.96,2.166,3
1990.25,2001.00,1107.10,0.375,3.04,1.798,3
1995.11,2005.00,1142.86,0.406,3.06,1.746,3
2001.50,2008.00,1553.78,0.453,3.19,1.288,3
1995.74,2006.00,1313.83,0.188,3.12,1.519,3
1990.27,2002.00,1506.46,0.125,3.18,1.321,3
1988.68,2002.00,1487.86,0.078,3.17,1.337,3
1983.51,1992.00,1595.20,0.156,3.20,1.243,3
1971.30,1985.00,1597.09,0.156,3.20,1.234,3
1962.07,1976.00,1544.72,0.188,3.19,1.270,3
1953.69,1969.00,1498.33,0.156,3.18,1.304,3
1949.68,1959.00,1553.38,0.094,3.19,1.255,3
1952.99,1970.00,1706.62,0.094,3.23,1.144,3
1966.24,1976.00,1651.09,0.156,3.22,1.191,3
1973.04,1986.00,1490.39,0.062,3.17,1.324,3
1974.49,1988.00,1320.55,0.000,3.12,1.495,3
1977.37,2002.00,1440.89,0.234,3.16,1.372,3
1980.09,1990.00,1539.05,0.297,3.19,1.287,3
1980.24,1990.00,1524.77,0.297,3.18,1.299,3
1979.60,1991.00,1359.15,0.156,3.13,1.456,3
1979.56,1991.00,1285.05,0.234,3.11,1.540,3
1980.68,1991.00,1448.00,0.375,3.16,1.368,3
1979.48,1989.00,1490.35,0.297,3.17,1.328,3
1979.10,1992.00,1430.93,0.344,3.16,1.383,3
1978.60,1990.00,1237.35,0.250,3.09,1.599,3
1977.27,1988.00,1036.95,0.281,3.02,1.907,3
1976.24,1987.00,1024.22,0.375,3.01,1.930,3
1975.38,1989.00,675.67,0.500,2.83,2.924,3
1976.21,1987.00,1066.62,0.391,3.03,1.853,3
1976.07,1988.00,952.31,0.297,2.98,2.075,3
1975.85,1987.00,751.97,0.344,2.88,2.628,3
1976.16,1988.00,810.75,0.375,2.91,2.437,3
1976.61,1990.00,854.51,0.375,2.93,2.313,3
1975.74,1990.00,769.80,0.328,2.89,2.567,3
1974.86,1986.00,799.86,0.406,2.90,2.469,3
1975.44,1987.00,879.86,0.422,2.94,2.245,3
1977.41,1988.00,811.25,0.484,2.91,2.437,3
1975.40,1988.00,657.75,0.391,2.82,3.003,3
1976.49,1987.00,728.16,0.453,2.86,2.714,3
1975.77,1989.00,730.27,0.406,2.86,2.706,3
1974.02,1986.00,768.34,0.359,2.89,2.569,3
1973.60,1986.00,808.37,0.312,2.91,2.441,3
1973.91,1986.00,752.91,0.344,2.88,2.622,3
1974.61,1988.00,924.40,0.297,2.97,2.136,3
1974.71,1986.00,658.14,0.422,2.82,3.000,3
1975.97,1987.00,691.55,0.453,2.84,2.857,3
1983.43,1991.00,875.24,0.406,2.94,2.266,3
1986.82,1992.00,847.44,0.469,2.93,2.344,3
1991.61,2003.00,713.92,0.406,2.85,2.790,3
1992.96,2006.00,1149.16,0.453,3.06,1.734,3
2000.62,2015.00,833.16,0.453,2.92,2.401,3
2007.80,2020.00,730.77,0.344,2.86,2.748,3
2004.24,2018.00,1133.59,0.250,3.05,1.768,3
1994.81,2006.00,1511.08,0.109,3.18,1.320,3
1986.72,1993.00,1595.76,0.266,3.20,1.245,3
1978.99,1991.00,1465.04,0.219,3.17,1.351,3
1977.13,1989.00,1508.43,0.219,3.18,1.311,3
1975.41,1987.00,1511.50,0.188,3.18,1.307,3
1972.33,1984.00,1449.91,0.125,3.16,1.360,3
1969.32,1984.00,1569.12,0.156,3.20,1.255,3
1969.94,1978.00,1454.63,0.094,3.16,1.354,3
1971.55,1984.00,1501.88,0.172,3.18,1.313,3
1969.50,1976.00,1426.04,0.125,3.15,1.381,3
1970.94,1986.00,1559.15,0.203,3.19,1.264,3
1972.39,1987.00,1460.55,0.125,3.16,1.350,3
1970.96,1986.00,1449.67,0.156,3.16,1.360,3
1964.91,1974.00,1544.74,0.188,3.19,1.272,3
1964.54,1974.00,1505.28,0.156,3.18,1.305,3
1963.82,1974.00,1397.71,0.172,3.15,1.405,3
1964.78,1976.00,1428.74,0.094,3.15,1.375,3
1968.37,1975.00,1403.75,0.078,3.15,1.402,3
1973.05,1984.00,1390.18,0.094,3.14,1.419,3
1975.49,1988.00,1162.42,0.188,3.07,1.699,3
1975.91,1987.00,1312.31,0.156,3.12,1.506,3
1976.74,1988.00,650.31,0.469,2.81,3.040,3
1975.40,1988.00,848.53,0.375,2.93,2.328,3
1974.18,1987.00,729.57,0.375,2.86,2.706,3
1974.07,1987.00,805.44,0.344,2.91,2.451,3
1974.40,1985.00,748.34,0.500,2.87,2.638,3
1975.44,1987.00,871.81,0.250,2.94,2.266,3
1973.88,1985.00,637.09,0.375,2.80,3.098,3
1976.13,1987.00,904.47,0.438,2.96,2.185,3
1976.40,1988.00,788.71,0.297,2.90,2.506,3
1976.57,1987.00,801.07,0.406,2.90,2.467,3
1976.88,1989.00,840.76,0.188,2.92,2.351,3
1976.18,1989.00,633.05,0.500,2.80,3.122,3
1977.65,1987.00,731.11,0.391,2.86,2.705,3
1976.19,1989.00,836.95,0.297,2.92,2.361,3
1975.30,1986.00,724.65,0.406,2.86,2.726,3
1977.04,1987.00,689.72,0.438,2.84,2.866,3
1977.80,1987.00,794.77,0.375,2.90,2.489,3
1976.15,1988.00,798.97,0.250,2.90,2.473,3
1977.38,1989.00,695.58,0.391,2.84,2.843,3
1978.68,1990.00,755.03,0.359,2.88,2.621,3
1982.21,1992.00,666.58,0.375,2.82,2.974,3
1986.29,1992.00,632.49,0.453,2.80,3.140,3
1989.63,2003.00,929.72,0.344,2.97,2.140,3
1994.96,2009.00,836.70,0.250,2.92,2.384,3
2004.39,2017.00,827.37,0.422,2.92,2.423,3
2009.13,2020.00,930.95,0.359,2.97,2.158,3
2007.32,2019.00,972.48,0.359,2.99,2.064,3
2005.66,2021.00,1107.60,0.344,3.04,1.811,3
1997.82,2007.00,1056.18,0.391,3.02,1.892,3
1989.62,2003.00,854.82,0.375,2.93,2.328,3
1981.54,1990.00,1283.32,0.328,3.11,1.544,3
1975.99,1991.00,1588.87,0.125,3.20,1.244,3
1966.63,1975.00,1544.37,0.172,3.19,1.273,3
1954.71,1969.00,1584.05,0.172,3.20,1.234,3
1948.78,1958.00,1610.16,0.156,3.21,1.210,3
1953.10,1969.00,1545.42,0.188,3.19,1.264,3
1955.33,1971.00,1419.84,0.188,3.15,1.377,3
1956.69,1971.00,1632.43,0.125,3.21,1.199,3
1959.22,1977.00,1645.74,0.094,3.22,1.190,3
1964.49,1974.00,1539.49,0.172,3.19,1.276,3
1968.43,1976.00,1398.70,0.156,3.15,1.407,3
1971.11,1977.00,1384.89,0.234,3.14,1.423,3
1977.57,1987.00,1369.01,0.125,3.14,1.445,3
1982.29,1992.00,1430.12,0.312,3.16,1.386,3
1982.96,1992.00,1560.84,0.250,3.19,1.270,3
1980.84,1990.00,1401.80,0.219,3.15,1.413,3
1981.59,1990.00,1433.90,0.438,3.16,1.382,3
1978.98,1988.00,1503.50,0.375,3.18,1.316,3
1975.90,1987.00,1544.16,0.375,3.19,1.280,3
1975.68,1988.00,1649.70,0.328,3.22,1.198,3
1974.78,1986.00,1307.15,0.031,3.12,1.511,3
1974.03,1986.00,1324.16,0.000,3.12,1.491,3
1974.61,1986.00,1160.66,0.078,3.06,1.701,3
1977.37,1989.00,1155.67,0.125,3.06,1.711,3
1976.07,1987.00,1292.23,0.141,3.11,1.529,3
1975.33,1989.00,779.47,0.250,2.89,2.534,3
1976.18,1988.00,698.65,0.375,2.84,2.829,3
1977.47,1989.00,729.09,0.297,2.86,2.712,3
1975.76,1988.00,844.49,0.453,2.93,2.340,3
1975.57,1988.00,647.91,0.391,2.81,3.049,3
1976.52,1987.00,798.36,0.391,2.90,2.476,3
1978.38,1988.00,883.60,0.391,2.95,2.239,3
1977.51,1989.00,890.49,0.297,2.95,2.221,3
1980.12,1990.00,780.13,0.391,2.89,2.538,3
1980.51,1992.00,626.50,0.359,2.80,3.161,3
1979.38,1987.00,900.49,0.422,2.95,2.198,3
1976.74,1989.00,828.25,0.406,2.92,2.387,3
1975.33,1989.00,745.91,0.484,2.87,2.648,3
1978.56,1988.00,792.90,0.406,2.90,2.495,3
1975.64,1986.00,839.23,0.266,2.92,2.354,3
1978.77,1989.00,765.85,0.344,2.88,2.584,3
1983.69,1992.00,821.17,0.344,2.91,2.416,3
1987.19,2001.00,807.18,0.219,2.91,2.462,3
1992.29,2008.00,768.90,0.281,2.89,2.591,3
1999.04,2008.00,805.30,0.484,2.91,2.482,3
2000.63,2008.00,1175.60,0.453,3.07,1.702,3
1998.79,2018.00,979.71,0.234,2.99,2.040,3
1996.79,2007.00,1683.98,0.203,3.23,1.186,3
1996.52,2005.00,1599.83,0.172,3.20,1.248,3
1992.58,2005.00,1546.85,0.266,3.19,1.288,3
1985.87,2000.00,1548.85,0.250,3.19,1.282,3
1979.37,1990.00,1494.02,0.156,3.17,1.325,3
1976.90,1989.00,1523.12,0.109,3.18,1.298,3
1974.29,1986.00,1539.95,0.172,3.19,1.282,3
1970.52,1976.00,1467.43,0.094,3.17,1.343,3
1970.16,1977.00,1535.17,0.141,3.19,1.283,3
1969.04,1977.00,1424.75,0.094,3.15,1.382,3
1967.19,1975.00,1538.24,0.156,3.19,1.279,3
1967.05,1974.00,1416.00,0.047,3.15,1.389,3
1965.79,1974.00,1445.84,0.172,3.16,1.360,3
1964.70,1974.00,1493.59,0.172,3.17,1.315,3
1961.79,1974.00,1402.67,0.141,3.15,1.399,3
1961.72,1976.00,1354.08,0.172,3.13,1.449,3
1965.60,1972.00,1447.60,0.078,3.16,1.358,3
1966.96,1975.00,1450.87,0.156,3.16,1.356,3
1966.99,1976.00,1313.58,0.141,3.12,1.497,3
1969.19,1977.00,1512.76,0.062,3.18,1.302,3
1972.83,1986.00,1478.67,0.094,3.17,1.334,3
1973.91,1986.00,1280.57,0.125,3.11,1.541,3
1973.83,1985.00,1043.81,0.250,3.02,1.891,3
1974.47,1987.00,764.23,0.469,2.88,2.584,3
1974.46,1988.00,878.47,0.234,2.94,2.248,3
1973.41,1986.00,721.56,0.312,2.86,2.735,3
1973.91,1987.00,687.71,0.406,2.84,2.870,3
1976.85,1990.00,763.42,0.359,2.88,2.589,3
1978.76,1988.00,789.76,0.375,2.90,2.506,3
1978.29,1988.00,680.26,0.391,2.83,2.908,3
1979.41,1990.00,661.93,0.438,2.82,2.990,3
1979.93,1989.00,869.01,0.234,2.94,2.278,3
1978.66,1989.00,883.24,0.391,2.95,2.240,3
1976.58,1988.00,725.92,0.453,2.86,2.723,3
1979.15,1989.00,709.78,0.359,2.85,2.788,3
1977.51,1987.00,952.39,0.250,2.98,2.076,3
1977.41,1989.00,787.08,0.328,2.90,2.512,3
1977.35,1988.00,764.05,0.562,2.88,2.588,3
1979.10,1989.00,683.74,0.266,2.83,2.895,3
1979.54,1988.00,652.92,0.219,2.81,3.032,3
1979.65,1990.00,815.39,0.250,2.91,2.428,3
1982.85,2000.00,682.43,0.438,2.83,2.906,3
1986.44,1993.00,945.12,0.188,2.98,2.102,3
1986.96,2003.00,833.24,0.328,2.92,2.385,3
1987.43,1994.00,848.54,0.453,2.93,2.342,3
1992.68,2003.00,1348.81,0.188,3.13,1.477,3
1996.02,2006.00,1135.41,0.391,3.06,1.758,3
1997.57,2009.00,1057.34,0.203,3.02,1.889,3
1996.13,2007.00,895.29,0.188,2.95,2.230,3
1995.65,2008.00,1350.22,0.188,3.13,1.478,3
1987.44,2000.00,1553.07,0.125,3.19,1.280,3
1977.32,1992.00,1535.34,0.172,3.19,1.288,3
1972.73,1988.00,1558.66,0.172,3.19,1.266,3
1969.13,1976.00,1582.60,0.125,3.20,1.244,3
1962.08,1973.00,1503.64,0.125,3.18,1.305,3
1959.80,1972.00,1394.91,0.125,3.14,1.405,3
1961.57,1972.00,1518.70,0.141,3.18,1.292,3
1963.81,1975.00,1548.96,0.094,3.19,1.268,3
1962.99,1972.00,1333.91,0.203,3.13,1.472,3
1967.93,1985.00,1454.42,0.188,3.16,1.353,3
1974.54,1988.00,1286.78,0.281,3.11,1.534,3
1977.38,1988.00,1504.28,0.297,3.18,1.315,3
1977.51,1988.00,1238.81,0.562,3.09,1.596,3
1979.31,1993.00,1153.43,0.359,3.06,1.716,3
1979.85,1990.00,1597.19,0.484,3.20,1.240,3
1977.54,1988.00,1443.01,0.359,3.16,1.370,3
1975.86,1989.00,1341.68,0.438,3.13,1.473,3
1977.41,1990.00,1453.02,0.406,3.16,1.361,3
1976.93,1994.00,1549.02,0.359,3.19,1.276,3
1975.18,1988.00,1344.86,0.297,3.13,1.469,3
1975.35,1988.00,1246.35,0.438,3.10,1.585,3
1979.35,2001.00,1428.65,0.406,3.15,1.385,3
1977.37,1988.00,1029.98,0.469,3.01,1.920,3
1975.58,1987.00,809.86,0.531,2.91,2.439,3
1975.60,1985.00,1135.73,0.344,3.06,1.739,3
1975.77,1987.00,1174.42,0.219,3.07,1.682,3
1974.71,1988.00,818.69,0.250,2.91,2.412,3
1974.86,1988.00,773.04,0.281,2.89,2.555,3
1975.69,1987.00,916.17,0.250,2.96,2.156,3
1974.71,1988.00,1052.27,0.281,3.02,1.877,3
1974.33,1986.00,843.11,0.312,2.93,2.342,3
1974.87,1987.00,791.57,0.422,2.90,2.495,3
1977.94,1987.00,796.80,0.438,2.90,2.482,3
1978.59,1991.00,971.06,0.328,2.99,2.038,3
1983.51,1992.00,894.52,0.500,2.95,2.217,3
1986.86,1995.00,740.66,0.406,2.87,2.683,3
1988.82,2001.00,1273.56,0.438,3.11,1.562,3
1988.61,2003.00,839.77,0.297,2.92,2.368,3
1990.83,2003.00,755.82,0.281,2.88,2.634,3
2000.63,2007.00,1288.36,0.141,3.11,1.553,3
1996.10,2005.00,1588.48,0.141,3.20,1.257,3
1988.33,2002.00,1475.42,0.234,3.17,1.348,3
1983.56,1993.00,1436.74,0.234,3.16,1.381,3
1979.23,1990.00,1537.22,0.219,3.19,1.288,3
1975.13,1987.00,1429.46,0.125,3.16,1.382,3
1973.88,1988.00,1523.74,0.156,3.18,1.295,3
1972.27,1986.00,1456.65,0.156,3.16,1.354,3
1969.93,1984.00,1482.09,0.156,3.17,1.329,3
1966.62,1975.00,1443.73,0.141,3.16,1.362,3
1968.24,1986.00,1508.18,0.172,3.18,1.305,3
1969.24,1976.00,1433.67,0.188,3.16,1.374,3
1969.49,1976.00,1423.37,0.188,3.15,1.384,3
1969.55,1976.00,1417.38,0.125,3.15,1.390,3
1970.14,1975.00,1426.86,0.141,3.15,1.381,3
1967.91,1976.00,1359.33,0.219,3.13,1.448,3
1969.18,1977.00,1369.24,0.156,3.14,1.438,3
1973.72,1989.00,1428.24,0.172,3.15,1.382,3
1976.40,1989.00,1415.24,0.141,3.15,1.397,3
1978.07,1987.00,1294.23,0.156,3.11,1.528,3
1977.68,1989.00,1439.70,0.203,3.16,1.374,3
1979.96,1991.00,691.62,0.500,2.84,2.863,3
1980.48,1990.00,930.20,0.250,2.97,2.129,3
1978.73,1989.00,937.28,0.312,2.97,2.111,3
1977.57,1987.00,900.00,0.344,2.95,2.197,3
1979.38,2000.00,956.38,0.312,2.98,2.070,3
1978.52,1990.00,848.89,0.297,2.93,2.331,3
1976.26,1989.00,911.87,0.266,2.96,2.167,3
1975.63,1986.00,739.40,0.438,2.87,2.672,3
1976.61,1989.00,940.16,0.156,2.97,2.102,3
1976.36,1988.00,1049.51,0.203,3.02,1.883,3
1975.77,1989.00,915.84,0.281,2.96,2.157,3
1977.58,1989.00,877.28,0.188,2.94,2.254,3
1979.70,1991.00,683.41,0.234,2.83,2.897,3
1977.46,1990.00,728.61,0.266,2.86,2.714,3
1976.38,1987.00,524.52,0.375,2.72,3.768,3
1977.58,1989.00,682.61,0.219,2.83,2.897,3
1978.37,1988.00,837.32,0.312,2.92,2.363,3
1979.23,1989.00,970.94,0.328,2.99,2.038,3
1982.40,1990.00,883.97,0.359,2.95,2.243,3
1985.02,1992.00,883.34,0.328,2.95,2.247,3
1986.05,1992.00,889.48,0.297,2.95,2.233,3
1988.96,2002.00,728.31,0.469,2.86,2.731,3
1990.74,2003.00,1034.31,0.344,3.01,1.925,3
1989.64,2000.00,999.11,0.250,3.00,1.991,3
1989.10,2000.00,1289.44,0.203,3.11,1.543,3
1988.41,2001.00,1229.69,0.234,3.09,1.617,3
1988.83,2000.00,1161.20,0.172,3.06,1.713,3
1985.36,1991.00,1322.69,0.188,3.12,1.501,3
1978.74,1989.00,1590.49,0.125,3.20,1.244,3
1973.29,1987.00,1529.16,0.188,3.18,1.290,3
1968.34,1984.00,1613.25,0.172,3.21,1.220,3
1965.23,1974.00,1601.39,0.172,3.20,1.227,3
1964.65,1973.00,1399.50,0.219,3.15,1.404,3
1968.18,1976.00,1598.62,0.188,3.20,1.231,3
1970.90,1988.00,1535.24,0.125,3.19,1.284,3
1972.65,1986.00,1322.04,0.031,3.12,1.492,3
1975.86,1987.00,1268.73,0.188,3.10,1.557,3
1980.48,1989.00,1319.83,0.375,3.12,1.501,3
1982.49,2001.00,1338.52,0.359,3.13,1.481,3
1983.62,1991.00,1513.09,0.422,3.18,1.311,3
1984.49,2002.00,1546.61,0.438,3.19,1.283,3
1983.19,1992.00,1452.60,0.266,3.16,1.365,3
1980.65,1989.00,1359.86,0.375,3.13,1.457,3
1980.12,1990.00,1553.46,0.547,3.19,1.275,3
1981.65,1993.00,1374.20,0.641,3.14,1.442,3
1978.32,1988.00,991.22,0.234,3.00,1.996,3
1978.80,1988.00,1252.76,0.203,3.10,1.580,3
1977.76,1989.00,1101.37,0.359,3.04,1.796,3
1978.04,1990.00,924.40,0.250,2.97,2.140,3
1977.62,1988.00,1142.64,0.109,3.06,1.731,3
1975.47,1986.00,710.56,0.406,2.85,2.780,3
1976.00,1986.00,837.23,0.188,2.92,2.360,3
1975.24,1988.00,883.28,0.250,2.95,2.236,3
1973.27,1987.00,1115.96,0.188,3.05,1.768,3
1972.64,1986.00,762.56,0.234,2.88,2.587,3
1972.85,1986.00,871.41,0.266,2.94,2.264,3
1972.07,1984.00,1010.33,0.375,3.00,1.952,3
1970.71,1977.00,794.80,0.391,2.90,2.479,3
1972.03,1985.00,943.37,0.297,2.97,2.090,3
1971.80,1986.00,845.42,0.297,2.93,2.332,3
1972.58,1986.00,852.99,0.438,2.93,2.313,3
1975.18,1988.00,790.61,0.375,2.90,2.498,3
1981.76,1991.00,799.13,0.250,2.90,2.480,3
1984.85,2002.00,754.83,0.500,2.88,2.630,3
1986.82,2001.00,765.39,0.453,2.88,2.596,3
1989.67,2000.00,1184.68,0.391,3.07,1.680,3
1992.15,2006.00,992.49,0.266,3.00,2.007,3
1997.07,2008.00,881.71,0.500,2.95,2.265,3
2000.34,2007.00,1226.41,0.250,3.09,1.631,3
2001.54,2017.00,1586.50,0.172,3.20,1.262,3
1992.15,2005.00,1581.68,0.266,3.20,1.260,3
1980.57,1993.00,1401.91,0.141,3.15,1.413,3
1977.01,1988.00,1548.18,0.156,3.19,1.277,3
1975.97,1987.00,1421.99,0.125,3.15,1.390,3
1975.51,1986.00,1545.96,0.125,3.19,1.278,3
1973.85,1987.00,1472.04,0.141,3.17,1.341,3
1973.52,1985.00,1502.15,0.109,3.18,1.314,3
1971.94,1987.00,1436.41,0.203,3.16,1.373,3
1970.64,1975.00,1466.00,0.062,3.17,1.344,3
1970.65,1987.00,1231.65,0.125,3.09,1.600,3
1972.14,1987.00,1546.07,0.109,3.19,1.276,3
1970.27,1985.00,1273.52,0.016,3.11,1.547,3
1970.83,1977.00,1072.82,0.156,3.03,1.837,3
1968.82,1986.00,1380.65,0.156,3.14,1.426,3
1968.38,1984.00,879.19,0.312,2.94,2.239,3
1966.41,1973.00,1619.06,0.125,3.21,1.215,3
1964.90,1974.00,1446.32,0.109,3.16,1.359,3
1970.24,1977.00,939.28,0.422,2.97,2.098,3
1972.83,1992.00,1013.40,0.453,3.01,1.947,3
1975.21,1987.00,1267.31,0.203,3.10,1.559,3
1977.72,1987.00,802.22,0.406,2.90,2.465,3
1978.15,1989.00,714.66,0.375,2.85,2.768,3
1977.93,1992.00,698.79,0.484,2.84,2.830,3
1977.29,1989.00,769.85,0.375,2.89,2.568,3
1978.69,1988.00,984.03,0.359,2.99,2.011,3
1979.19,1989.00,1432.90,0.156,3.16,1.381,3
1976.97,1989.00,794.71,0.328,2.90,2.488,3
1977.62,1989.00,936.15,0.312,2.97,2.112,3
1979.63,1988.00,1004.68,0.281,3.00,1.970,3
1976.99,1988.00,751.54,0.562,2.88,2.631,3
1979.13,1988.00,754.41,0.391,2.88,2.623,3
1980.65,1989.00,802.28,0.266,2.90,2.469,3
1978.49,1989.00,876.24,0.422,2.94,2.258,3
1982.01,1991.00,897.87,0.375,2.95,2.207,3
1986.71,1992.00,991.27,0.328,3.00,2.004,3
1985.66,2003.00,1100.77,0.344,3.04,1.804,3
1987.02,1993.00,1083.02,0.406,3.03,1.835,3
1988.42,1993.00,1511.77,0.422,3.18,1.315,3
1989.55,2003.00,1287.23,0.359,3.11,1.546,3
1989.38,2003.00,1119.99,0.328,3.05,1.776,3
1989.32,2002.00,1322.90,0.406,3.12,1.504,3
1989.41,2000.00,1314.34,0.156,3.12,1.514,3
1990.36,2002.00,1231.65,0.250,3.09,1.616,3
1988.91,1994.00,1554.10,0.094,3.19,1.280,3
1986.07,2003.00,1536.01,0.266,3.19,1.293,3
1979.90,1990.00,1509.85,0.156,3.18,1.311,3
1969.66,1976.00,1484.00,0.172,3.17,1.327,3
1966.21,1975.00,1497.20,0.109,3.18,1.313,3
1967.30,1976.00,1529.63,0.172,3.18,1.286,3
1968.01,1974.00,1430.67,0.188,3.16,1.376,3
1969.12,1986.00,1579.82,0.078,3.20,1.246,3
1969.83,1976.00,1519.78,0.172,3.18,1.296,3
1973.38,1985.00,1290.31,0.109,3.11,1.529,3
1975.10,1991.00,1238.75,0.141,3.09,1.594,3
1976.62,1989.00,1375.06,0.391,3.14,1.437,3
1977.23,1991.00,1162.57,0.484,3.07,1.701,3
1982.43,2002.00,1452.58,0.516,3.16,1.365,3
1980.84,1992.00,1333.39,0.297,3.12,1.486,3
1980.09,1991.00,1452.02,0.375,3.16,1.364,3
1980.20,1990.00,1378.21,0.500,3.14,1.437,3
1978.51,1989.00,1405.07,0.516,3.15,1.408,3
1976.02,1989.00,1221.50,0.422,3.09,1.618,3
1977.23,1990.00,1282.80,0.531,3.11,1.541,3
1978.09,1989.00,1021.88,0.484,3.01,1.936,3
1975.58,1988.00,1200.37,0.281,3.08,1.646,3
1975.12,1990.00,983.11,0.359,2.99,2.009,3
1976.05,1987.00,834.19,0.234,2.92,2.369,3
1975.21,1988.00,843.95,0.391,2.93,2.340,3
1974.89,1988.00,1004.07,0.266,3.00,1.967,3
1974.21,1985.00,806.54,0.359,2.91,2.448,3
1974.02,1986.00,822.82,0.266,2.92,2.399,3
1973.80,1988.00,943.95,0.281,2.97,2.091,3
1971.41,1985.00,771.56,0.344,2.89,2.555,3
1972.46,1976.00,761.10,0.406,2.88,2.592,3
1973.49,1986.00,989.50,0.250,3.00,1.994,3
1972.47,1987.00,828.37,0.391,2.92,2.381,3
1972.36,1984.00,711.22,0.344,2.85,2.773,3
1974.29,1988.00,717.53,0.391,2.86,2.751,3
1975.58,1987.00,798.59,0.391,2.90,2.474,3
1976.00,1987.00,817.72,0.422,2.91,2.416,3
1979.04,1990.00,772.93,0.469,2.89,2.560,3
1983.99,1990.00,997.46,0.172,3.00,1.989,3
1984.38,1993.00,1009.98,0.234,3.00,1.965,3
1987.55,1993.00,1212.90,0.328,3.08,1.639,3
1990.75,2003.00,782.98,0.484,2.89,2.543,3
1996.40,2008.00,1171.84,0.188,3.07,1.704,3
1999.06,2009.00,1620.44,0.141,3.21,1.234,3
1995.24,2004.00,1416.72,0.156,3.15,1.408,3
1990.77,2005.00,1548.88,0.125,3.19,1.285,3
1988.31,1994.00,1487.70,0.219,3.17,1.337,3
1982.93,2000.00,1360.28,0.172,3.13,1.458,3
1978.21,1993.00,1559.93,0.172,3.19,1.268,3
1975.75,1987.00,1392.64,0.094,3.14,1.419,3
1972.86,1978.00,1523.68,0.172,3.18,1.295,3
1971.66,1977.00,1426.88,0.203,3.15,1.382,3
1969.99,1987.00,1456.43,0.172,3.16,1.353,3
1967.16,1976.00,1400.22,0.141,3.15,1.405,3
1964.88,1975.00,1501.04,0.141,3.18,1.309,3
1966.12,1974.00,1475.54,0.172,3.17,1.332,3
1966.46,1975.00,1409.42,0.125,3.15,1.395,3
1965.21,1973.00,1436.85,0.062,3.16,1.368,3
1964.74,1973.00,1470.71,0.047,3.17,1.336,3
1969.10,1975.00,1540.43,0.047,3.19,1.278,3
1971.33,1977.00,1504.65,0.062,3.18,1.310,3
1972.80,1984.00,1475.04,0.094,3.17,1.337,3
1975.10,1988.00,1482.77,0.078,3.17,1.332,3
1977.54,1988.00,1461.92,0.047,3.16,1.353,3
1978.80,1989.00,968.59,0.219,2.99,2.043,3
1976.89,1987.00,886.69,0.391,2.95,2.230,3
1975.61,1990.00,788.80,0.375,2.90,2.505,3
1977.26,1989.00,1130.59,0.094,3.05,1.749,3
1974.10,1987.00,1048.99,0.297,3.02,1.882,3
1975.42,1987.00,820.32,0.328,2.91,2.408,3
1976.03,1987.00,850.73,0.516,2.93,2.323,3
1977.32,1989.00,1025.77,0.375,3.01,1.928,3
1975.91,1987.00,709.00,0.406,2.85,2.787,3
1976.00,1989.00,720.27,0.516,2.86,2.743,3
1976.29,1988.00,735.05,0.438,2.87,2.689,3
1977.74,1988.00,876.53,0.391,2.94,2.256,3
1975.10,1987.00,709.44,0.375,2.85,2.784,3
1977.93,1989.00,611.88,0.438,2.79,3.233,3
1979.87,1989.00,887.79,0.281,2.95,2.230,3
1981.48,1993.00,797.94,0.469,2.90,2.483,3
1983.96,1992.00,700.65,0.344,2.85,2.832,3
1993.60,2007.00,783.00,0.312,2.89,2.546,3
1999.26,2015.00,805.56,0.375,2.91,2.482,3
1999.71,2007.00,918.00,0.312,2.96,2.178,3
1995.02,2007.00,808.55,0.406,2.91,2.467,3
1994.49,2003.00,1013.43,0.328,3.01,1.968,3
1991.19,2004.00,1071.21,0.328,3.03,1.859,3
1987.13,2003.00,783.87,0.406,2.89,2.535,3
1983.17,1993.00,1419.85,0.141,3.15,1.397,3
1975.51,1989.00,1618.86,0.250,3.21,1.220,3
1971.59,1989.00,1514.27,0.141,3.18,1.302,3
1970.62,1987.00,1593.36,0.203,3.20,1.237,3
1969.18,1976.00,1567.27,0.188,3.20,1.256,3
1969.49,1975.00,1502.20,0.141,3.18,1.311,3
1968.34,1975.00,1503.82,0.094,3.18,1.309,3
1969.18,1984.00,1587.71,0.109,3.20,1.240,3
1968.04,1975.00,1552.62,0.156,3.19,1.268,3
1966.87,1975.00,1495.63,0.156,3.17,1.315,3
1963.27,1974.00,1250.26,0.250,3.10,1.570,3
1968.24,1984.00,1316.70,0.219,3.12,1.495,3
1971.12,1985.00,1260.20,0.156,3.10,1.564,3
1977.54,1989.00,1699.05,0.047,3.23,1.164,3
1978.10,1988.00,1391.18,0.047,3.14,1.422,3
1982.60,1991.00,1143.70,0.094,3.06,1.734,3
1985.03,2002.00,937.43,0.281,2.97,2.118,3
1981.43,1991.00,846.27,0.266,2.93,2.341,3
1980.60,1991.00,653.98,0.406,2.82,3.029,3
1981.63,2001.00,800.80,0.250,2.90,2.475,3
1979.55,1988.00,1058.07,0.203,3.02,1.871,3
1975.99,1988.00,1087.59,0.219,3.04,1.817,3
1976.60,1989.00,985.67,0.141,2.99,2.005,3
1975.79,1988.00,1001.68,0.266,3.00,1.972,3
1973.91,1986.00,1556.15,0.297,3.19,1.268,3
1974.00,1986.00,1725.26,0.281,3.24,1.144,3
1972.77,1984.00,1395.85,0.125,3.14,1.413,3
1972.13,1976.00,1310.19,0.000,3.12,1.505,3
1973.20,1978.00,1240.02,0.078,3.09,1.591,3
1975.40,1987.00,1119.21,0.156,3.05,1.765,3
1975.55,1987.00,942.95,0.297,2.97,2.095,3
1975.57,1987.00,1044.68,0.219,3.02,1.891,3
1977.10,1988.00,1051.02,0.312,3.02,1.881,3
1979.12,1989.00,868.14,0.391,2.94,2.280,3
1978.66,1991.00,1006.45,0.234,3.00,1.966,3
1976.74,1987.00,944.01,0.250,2.97,2.094,3
1978.85,1990.00,811.01,0.297,2.91,2.440,3
1980.46,1989.00,1036.34,0.375,3.02,1.911,3
1981.98,1990.00,776.34,0.344,2.89,2.553,3
1985.99,1991.00,780.00,0.359,2.89,2.546,3
1988.57,2000.00,802.65,0.453,2.90,2.478,3
1991.22,2004.00,851.31,0.328,2.93,2.339,3
1990.41,2002.00,1188.98,0.422,3.08,1.674,3
1990.30,2003.00,812.15,0.391,2.91,2.451,3
1992.27,2005.00,802.68,0.422,2.90,2.482,3
1996.59,2005.00,1283.65,0.141,3.11,1.555,3
1994.57,2006.00,1649.32,0.141,3.22,1.209,3
1989.99,2004.00,1434.95,0.234,3.16,1.387,3
1985.88,1993.00,1437.22,0.234,3.16,1.382,3
1977.61,1990.00,1563.71,0.219,3.19,1.265,3
1975.37,1988.00,1447.85,0.156,3.16,1.364,3
1975.07,1988.00,1519.36,0.188,3.18,1.300,3
1970.35,1976.00,1515.29,0.141,3.18,1.300,3
1968.10,1977.00,1484.04,0.172,3.17,1.326,3
1968.94,1974.00,1446.20,0.203,3.16,1.361,3
1969.26,1975.00,1500.83,0.109,3.18,1.312,3
1969.49,1986.00,1547.92,0.109,3.19,1.272,3
1971.27,1985.00,1537.01,0.203,3.19,1.283,3
1971.47,1986.00,1448.55,0.078,3.16,1.361,3
1969.19,1976.00,1470.49,0.203,3.17,1.339,3
1966.68,1974.00,1553.28,0.156,3.19,1.266,3
1968.43,1973.00,1508.23,0.141,3.18,1.305,3
1970.19,1977.00,1472.98,0.172,3.17,1.338,3
1968.24,1977.00,1497.21,0.188,3.18,1.315,3
1970.52,1977.00,1289.63,0.156,3.11,1.528,3
1973.39,1985.00,1147.92,0.156,3.06,1.719,3
1977.01,1989.00,551.40,0.438,2.74,3.585,3
1977.46,1988.00,597.43,0.438,2.78,3.310,3
1976.65,1988.00,759.02,0.406,2.88,2.604,3
1977.91,1990.00,1010.66,0.312,3.00,1.957,3
1978.27,1988.00,1053.89,0.219,3.02,1.877,3
1974.72,1987.00,940.12,0.297,2.97,2.100,3
1973.50,1985.00,705.10,0.469,2.85,2.799,3
1973.39,1985.00,1032.58,0.109,3.01,1.911,3
1973.47,1987.00,903.53,0.266,2.96,2.184,3
1976.13,1988.00,798.13,0.438,2.90,2.476,3
1978.29,1990.00,682.10,0.531,2.83,2.900,3
1973.89,1985.00,789.67,0.453,2.90,2.500,3
1974.42,1985.00,634.56,0.484,2.80,3.111,3
1976.52,1987.00,903.91,0.281,2.96,2.187,3
1976.16,1988.00,833.76,0.234,2.92,2.370,3
1975.76,1988.00,646.31,0.406,2.81,3.057,3
1976.85,1990.00,722.18,0.375,2.86,2.737,3
1977.49,1990.00,778.35,0.297,2.89,2.541,3
1977.01,1988.00,817.92,0.250,2.91,2.417,3
1977.08,1986.00,738.52,0.281,2.87,2.677,3
1982.10,1989.00,821.54,0.297,2.91,2.413,3
1983.20,2000.00,915.65,0.375,2.96,2.166,3
1983.84,1992.00,804.20,0.344,2.91,2.467,3
1989.63,2003.00,730.87,0.359,2.86,2.722,3
1993.85,2004.00,750.63,0.359,2.88,2.656,3
1993.44,2004.00,843.50,0.312,2.93,2.363,3
1992.71,2003.00,782.31,0.469,2.89,2.547,3
1996.73,2008.00,818.95,0.281,2.91,2.438,3
1994.05,2004.00,1093.80,0.266,3.04,1.823,3
1990.55,2004.00,1515.30,0.188,3.18,1.314,3
1986.76,2003.00,1562.93,0.219,3.19,1.271,3
1983.04,1993.00,1571.72,0.188,3.20,1.262,3
1976.02,1988.00,1526.60,0.094,3.18,1.294,3
1972.04,1986.00,1418.97,0.109,3.15,1.390,3
1970.93,1986.00,1583.86,0.109,3.20,1.244,3
1969.41,1976.00,1492.72,0.172,3.17,1.319,3
1966.96,1975.00,1442.98,0.156,3.16,1.363,3
1964.57,1972.00,1328.34,0.109,3.12,1.479,3
1969.52,1986.00,1071.30,0.250,3.03,1.838,3
1968.71,1985.00,1109.49,0.266,3.05,1.774,3
1971.78,1984.00,780.32,0.453,2.89,2.527,3
1973.12,1987.00,838.23,0.344,2.92,2.354,3
1975.02,1986.00,957.62,0.375,2.98,2.062,3
1975.29,1988.00,1078.16,0.109,3.03,1.832,3
1975.38,1987.00,1243.89,0.453,3.09,1.588,3
1976.54,1988.00,1165.55,0.391,3.07,1.696,3
1975.63,1987.00,1215.34,0.266,3.08,1.626,3
1975.90,1991.00,1333.22,0.328,3.12,1.482,3
1976.26,1989.00,977.07,0.297,2.99,2.023,3
1977.22,1987.00,728.50,0.422,2.86,2.714,3
1978.26,1989.00,712.32,0.328,2.85,2.777,3
1977.05,1989.00,673.82,0.500,2.83,2.934,3
1978.65,1989.00,667.80,0.375,2.82,2.963,3
1978.51,1988.00,892.88,0.297,2.95,2.216,3
1977.85,1988.00,757.32,0.422,2.88,2.612,3
1978.43,1990.00,836.37,0.438,2.92,2.366,3
1981.71,1989.00,707.19,0.375,2.85,2.802,3
1978.62,1989.00,739.88,0.312,2.87,2.674,3
1976.65,1987.00,713.64,0.531,2.85,2.770,3
1978.71,1988.00,778.41,0.406,2.89,2.542,3
1980.23,1989.00,754.67,0.375,2.88,2.624,3
1979.99,1989.00,825.49,0.484,2.92,2.399,3
1984.69,1991.00,666.56,0.438,2.82,2.978,3
1986.38,1993.00,746.59,0.312,2.87,2.661,3
1985.50,1992.00,1140.50,0.328,3.06,1.741,3
1986.88,2001.00,932.98,0.328,2.97,2.130,3
1989.31,2001.00,824.84,0.328,2.92,2.412,3
1998.01,2007.00,1547.54,0.172,3.19,1.291,3
1997.60,2007.00,1541.15,0.203,3.19,1.296,3
1991.46,2006.00,1577.43,0.172,3.20,1.262,3
1985.01,2001.00,1464.25,0.094,3.17,1.356,3
1982.49,1992.00,1583.38,0.156,3.20,1.252,3
1977.55,1993.00,1474.62,0.156,3.17,1.341,3
1976.15,1989.00,1581.02,0.109,3.20,1.250,3
1973.94,1988.00,1529.34,0.188,3.18,1.291,3
1972.21,1986.00,1468.37,0.141,3.17,1.343,3
1970.35,1984.00,1533.48,0.172,3.19,1.285,3
1970.54,1985.00,1437.26,0.141,3.16,1.371,3
1970.91,1977.00,1460.89,0.172,3.16,1.349,3
1970.71,1985.00,1493.36,0.125,3.17,1.320,3
1970.67,1975.00,1469.96,0.141,3.17,1.341,3
1972.85,1988.00,1559.22,0.172,3.19,1.265,3
1972.02,1977.00,1557.18,0.172,3.19,1.266,3
1971.89,1977.00,1422.76,0.172,3.15,1.386,3
1971.16,1976.00,1405.14,0.172,3.15,1.403,3
1971.02,1977.00,1478.81,0.203,3.17,1.333,3
1968.04,1977.00,1426.45,0.188,3.15,1.380,3
1967.54,1973.00,1410.02,0.219,3.15,1.395,3
1969.04,1975.00,1454.53,0.172,3.16,1.354,3
1972.14,1976.00,1414.86,0.125,3.15,1.394,3
1974.33,1986.00,953.33,0.250,2.98,2.071,3
1976.57,1988.00,1062.71,0.156,3.03,1.860,3
1977.22,1988.00,1101.89,0.219,3.04,1.794,3
1976.94,1988.00,1079.69,0.250,3.03,1.831,3
1976.01,1990.00,1065.90,0.219,3.03,1.854,3
1975.80,1987.00,840.12,0.266,2.92,2.352,3
1980.02,1989.00,850.67,0.328,2.93,2.328,3
1979.38,1990.00,1029.02,0.297,3.01,1.924,3
1977.27,1990.00,784.63,0.531,2.89,2.520,3
1979.90,1992.00,740.73,0.312,2.87,2.673,3
1979.10,1988.00,715.77,0.375,2.85,2.765,3
1981.31,1991.00,810.61,0.312,2.91,2.444,3
1983.49,1992.00,881.13,0.297,2.95,2.251,3
1983.21,1991.00,652.18,0.438,2.81,3.041,3
1980.82,1989.00,724.84,0.422,2.86,2.733,3
1978.38,1989.00,695.12,0.516,2.84,2.846,3
1979.32,1990.00,691.50,0.531,2.84,2.862,3
1979.82,1991.00,812.64,0.344,2.91,2.436,3
1977.30,1988.00,776.61,0.406,2.89,2.546,3
1976.30,1989.00,684.71,0.438,2.84,2.886,3
1977.79,1988.00,708.19,0.375,2.85,2.793,3
1975.91,1988.00,774.03,0.250,2.89,2.553,3
1975.33,1987.00,749.07,0.406,2.87,2.637,3
1977.63,1989.00,832.99,0.344,2.92,2.374,3
1977.27,1989.00,817.56,0.406,2.91,2.419,3
1975.91,1986.00,756.47,0.344,2.88,2.612,3
1976.66,1986.00,838.45,0.344,2.92,2.358,3
1977.76,1988.00,703.83,0.391,2.85,2.810,3
1977.47,1987.00,765.17,0.312,2.88,2.584,3
1978.16,1988.00,769.28,0.312,2.89,2.571,3
1978.04,1988.00,792.85,0.312,2.90,2.495,3
1981.46,1990.00,864.11,0.266,2.94,2.293,3
1982.44,1990.00,872.49,0.219,2.94,2.272,3
1984.05,1991.00,660.19,0.375,2.82,3.005,3
1987.24,1993.00,766.57,0.469,2.88,2.592,3
1991.59,2005.00,835.86,0.406,2.92,2.383,3
1995.41,2006.00,829.01,0.422,2.92,2.407,3
1998.93,2008.00,981.03,0.312,2.99,2.038,3
1999.87,2007.00,1097.52,0.312,3.04,1.822,3
1995.79,2005.00,956.58,0.391,2.98,2.086,3
1990.27,2002.00,1217.77,0.156,3.09,1.634,3
1985.51,1993.00,1350.25,0.156,3.13,1.470,3
1978.10,1989.00,1526.74,0.172,3.18,1.296,3
1973.49,1986.00,1633.89,0.203,3.21,1.208,3
1969.35,1984.00,1540.64,0.172,3.19,1.278,3
1966.31,1984.00,1443.45,0.078,3.16,1.362,3
1962.15,1974.00,1564.00,0.125,3.19,1.255,3
1959.30,1972.00,1634.09,0.141,3.21,1.199,3
1960.51,1971.00,1360.82,0.219,3.13,1.441,3
1962.77,1974.00,1326.01,0.062,3.12,1.480,3
1967.95,1977.00,1027.53,0.297,3.01,1.915,3
1972.91,1987.00,1234.39,0.234,3.09,1.598,3
1975.90,1989.00,1120.68,0.375,3.05,1.763,3
1977.85,1988.00,1122.59,0.266,3.05,1.762,3
1981.35,1991.00,1378.64,0.516,3.14,1.437,3
1982.86,2000.00,1127.16,0.391,3.05,1.759,3
1988.19,2002.00,1041.11,0.391,3.02,1.910,3
1986.63,2003.00,919.78,0.375,2.96,2.160,3
1982.55,1990.00,802.68,0.328,2.90,2.470,3
1979.57,1987.00,866.09,0.375,2.94,2.286,3
1976.53,1987.00,898.94,0.219,2.95,2.199,3
1976.33,1987.00,760.25,0.281,2.88,2.600,3
1975.41,1987.00,900.13,0.359,2.95,2.195,3
1975.71,1986.00,838.30,0.406,2.92,2.357,3
1974.11,1987.00,935.66,0.375,2.97,2.110,3
1972.97,1988.00,945.83,0.297,2.98,2.086,3
1973.79,1988.00,871.49,0.266,2.94,2.265,3
1975.30,1986.00,956.62,0.344,2.98,2.065,3
1973.89,1986.00,1038.89,0.297,3.02,1.900,3
1974.68,1986.00,850.94,0.375,2.93,2.321,3
1979.07,1991.00,770.10,0.359,2.89,2.570,3
1981.38,1990.00,822.26,0.312,2.92,2.410,3
1985.54,1993.00,843.50,0.188,2.93,2.354,3
1986.05,1992.00,1106.39,0.375,3.04,1.795,3
1989.02,2001.00,923.91,0.281,2.97,2.153,3
1988.27,2002.00,825.16,0.422,2.92,2.410,3
1992.21,2004.00,925.01,0.344,2.97,2.154,3
1993.70,2005.00,1440.27,0.188,3.16,1.384,3
1988.87,2002.00,1613.37,0.188,3.21,1.233,3
1980.54,1990.00,1498.94,0.109,3.18,1.321,3
1977.32,1992.00,1580.83,0.172,3.20,1.251,3
1977.15,1991.00,1477.03,0.094,3.17,1.339,3
1976.85,1989.00,1620.36,0.141,3.21,1.220,3
1973.85,1986.00,1469.37,0.094,3.17,1.343,3
1972.93,1987.00,1561.37,0.188,3.19,1.264,3
1970.52,1986.00,1426.83,0.141,3.15,1.381,3
1969.16,1977.00,1507.77,0.188,3.18,1.306,3
1967.51,1976.00,1385.61,0.125,3.14,1.420,3
1966.84,1976.00,1520.58,0.203,3.18,1.293,3
1965.26,1975.00,1535.23,0.141,3.19,1.280,3
1965.43,1973.00,1425.78,0.156,3.15,1.378,3
1970.44,1976.00,1478.62,0.172,3.17,1.333,3
1973.02,1986.00,1530.38,0.188,3.18,1.289,3
1970.74,1984.00,1499.12,0.172,3.18,1.315,3
1971.19,1984.00,1496.00,0.156,3.17,1.318,3
1971.14,1977.00,1423.13,0.156,3.15,1.385,3
1971.54,1984.00,1331.18,0.172,3.12,1.481,3
1972.71,1985.00,1384.38,0.141,3.14,1.425,3
1975.05,1986.00,1419.52,0.125,3.15,1.391,3
1980.13,1988.00,993.57,0.297,3.00,1.993,3
1981.15,2001.00,813.52,0.375,2.91,2.435,3
1981.02,1989.00,1114.61,0.312,3.05,1.777,3
1981.76,1991.00,1095.46,0.203,3.04,1.809,3
1980.43,1988.00,1407.27,0.125,3.15,1.407,3
1978.41,1990.00,1199.69,0.219,3.08,1.649,3
1976.03,1987.00,754.50,0.391,2.88,2.619,3
1979.34,1991.00,860.87,0.266,2.93,2.299,3
1980.12,1989.00,1200.61,0.188,3.08,1.649,3
1979.21,1989.00,764.89,0.406,2.88,2.588,3
1978.77,1988.00,705.53,0.281,2.85,2.805,3
1980.13,1989.00,753.59,0.406,2.88,2.628,3
1978.08,1988.00,849.93,0.375,2.93,2.327,3
1978.55,1991.00,673.26,0.250,2.83,2.939,3
1982.01,1990.00,731.73,0.500,2.86,2.709,3
1986.88,2000.00,864.02,0.391,2.94,2.300,3
1984.46,1992.00,824.12,0.375,2.92,2.408,3
1984.85,1993.00,886.20,0.438,2.95,2.240,3
1988.97,1994.00,1072.35,0.391,3.03,1.855,3
1989.24,2003.00,1176.46,0.422,3.07,1.691,3
1992.80,2005.00,1208.07,0.344,3.08,1.650,3
1997.07,2008.00,1106.30,0.391,3.04,1.805,3
1995.40,2006.00,1277.30,0.188,3.11,1.562,3
1987.63,2000.00,1261.33,0.125,3.10,1.576,3
1978.53,1988.00,1569.80,0.172,3.20,1.260,3
1972.85,1991.00,1564.53,0.250,3.19,1.261,3
1967.59,1975.00,1533.14,0.188,3.19,1.283,3
1963.55,1974.00,1484.92,0.141,3.17,1.322,3
1962.21,1972.00,1552.15,0.141,3.19,1.264,3
1962.65,1974.00,1511.51,0.234,3.18,1.298,3
1964.40,1974.00,1310.36,0.156,3.12,1.499,3
1968.71,1986.00,1213.52,0.219,3.08,1.622,3
1972.93,1989.00,1002.31,0.234,3.00,1.968,3
1975.30,1988.00,975.71,0.219,2.99,2.024,3
1975.41,1987.00,1179.47,0.375,3.07,1.675,3
1977.29,1990.00,1339.19,0.516,3.13,1.476,3
1978.21,1989.00,1337.72,0.547,3.13,1.479,3
1977.84,1989.00,1248.19,0.422,3.10,1.585,3
1977.58,1989.00,1323.92,0.344,3.12,1.494,3
1980.96,1990.00,1201.35,0.562,3.08,1.649,3
1980.39,1991.00,1233.21,0.406,3.09,1.606,3
1981.37,1990.00,1099.47,0.406,3.04,1.802,3
1978.19,1988.00,1218.00,0.484,3.09,1.624,3
1979.98,1990.00,1009.34,0.406,3.00,1.962,3
1979.01,1990.00,772.17,0.266,2.89,2.563,3
1977.41,1987.00,825.72,0.344,2.92,2.395,3
1979.01,1989.00,801.67,0.328,2.90,2.469,3
1980.18,1992.00,936.61,0.344,2.97,2.114,3
1977.63,1989.00,832.69,0.344,2.92,2.375,3
1977.08,1988.00,749.40,0.391,2.87,2.638,3
1977.38,1992.00,960.14,0.328,2.98,2.059,3
1978.82,1989.00,792.20,0.391,2.90,2.498,3
1978.57,1991.00,644.27,0.406,2.81,3.071,3
1980.57,1988.00,715.23,0.469,2.85,2.769,3
1984.43,1992.00,681.13,0.312,2.83,2.913,3
1987.19,1994.00,814.04,0.250,2.91,2.441,3
1989.80,2001.00,1231.57,0.344,3.09,1.616,3
1993.44,2006.00,1386.22,0.141,3.14,1.438,3
1996.88,2006.00,1471.20,0.203,3.17,1.357,3
1996.15,2015.00,1552.33,0.203,3.19,1.286,3
1990.02,2003.00,1194.77,0.203,3.08,1.666,3
1983.84,2001.00,1628.03,0.234,3.21,1.219,3
1977.51,1990.00,1473.79,0.156,3.17,1.342,3
1974.97,1987.00,1478.02,0.156,3.17,1.336,3
1972.11,1986.00,1492.50,0.141,3.17,1.321,3
1972.58,1987.00,1466.44,0.141,3.17,1.345,3
1971.58,1984.00,1505.55,0.172,3.18,1.310,3
1969.49,1976.00,1476.52,0.172,3.17,1.334,3
1970.88,1976.00,1474.91,0.172,3.17,1.336,3
1972.88,1984.00,1502.84,0.125,3.18,1.313,3
1970.35,1976.00,1476.87,0.141,3.17,1.334,3
1967.23,1976.00,1533.42,0.172,3.19,1.283,3
1967.84,1985.00,1489.63,0.188,3.17,1.321,3
1967.54,1976.00,1452.39,0.203,3.16,1.355,3
1966.48,1975.00,1374.37,0.234,3.14,1.431,3
1967.40,1976.00,1405.44,0.203,3.15,1.400,3
1969.72,1977.00,1374.26,0.188,3.14,1.433,3
1969.76,1977.00,1397.55,0.125,3.15,1.409,3
1971.31,1987.00,1381.95,0.125,3.14,1.426,3
1973.55,1985.00,1457.70,0.125,3.16,1.354,3
1974.07,1987.00,1406.21,0.125,3.15,1.404,3
1973.66,1986.00,1397.27,0.094,3.15,1.413,3
1975.55,1991.00,1425.80,0.172,3.15,1.386,3
1977.74,1988.00,793.11,0.406,2.90,2.494,3
1976.07,1989.00,835.70,0.344,2.92,2.365,3
1975.05,1989.00,692.28,0.328,2.84,2.853,3
1975.82,1988.00,996.15,0.281,3.00,1.983,3
1977.08,1990.00,1347.52,0.156,3.13,1.467,3
1972.25,1986.00,723.02,0.359,2.86,2.728,3
1979.19,1989.00,767.69,0.438,2.89,2.578,3
1983.02,1991.00,986.22,0.344,2.99,2.011,3
1979.80,1988.00,801.18,0.391,2.90,2.471,3
1979.07,1990.00,895.69,0.234,2.95,2.210,3
1974.12,1988.00,713.24,0.500,2.85,2.768,3
1974.93,1988.00,771.84,0.375,2.89,2.559,3
1975.58,1988.00,837.53,0.422,2.92,2.359,3
1975.16,1986.00,753.72,0.281,2.88,2.621,3
1975.52,1987.00,611.97,0.531,2.79,3.228,3
1978.07,1989.00,742.88,0.328,2.87,2.663,3
1976.55,1988.00,688.78,0.391,2.84,2.870,3
1975.18,1988.00,779.07,0.328,2.89,2.535,3
1977.22,1987.00,777.39,0.422,2.89,2.543,3
1978.99,1988.00,889.81,0.297,2.95,2.224,3
1977.26,1988.00,707.86,0.344,2.85,2.793,3
1978.65,1989.00,748.81,0.359,2.87,2.642,3
1982.49,1992.00,792.84,0.469,2.90,2.500,3
1984.18,1993.00,833.81,0.281,2.92,2.380,3
1985.55,1994.00,826.54,0.281,2.92,2.402,3
1989.07,2002.00,669.55,0.422,2.83,2.971,3
1992.54,2005.00,974.05,0.234,2.99,2.046,3
1994.02,2004.00,931.63,0.359,2.97,2.140,3
1993.63,2004.00,1038.50,0.188,3.02,1.920,3
1990.86,2003.00,881.00,0.203,2.94,2.260,3
1987.02,1992.00,1149.16,0.250,3.06,1.729,3
1977.37,1992.00,1497.82,0.188,3.18,1.320,3
1973.71,1987.00,1446.96,0.141,3.16,1.364,3
1973.55,1987.00,1532.86,0.109,3.19,1.287,3
1971.10,1986.00,1435.18,0.172,3.16,1.373,3
1969.83,1976.00,1529.51,0.109,3.18,1.288,3
1971.19,1977.00,1701.04,0.109,3.23,1.159,3
1972.17,1985.00,1349.11,0.156,3.13,1.462,3
1972.13,1987.00,1266.01,0.125,3.10,1.558,3
1972.79,1986.00,1330.19,0.266,3.12,1.483,3
1974.11,1986.00,1421.99,0.328,3.15,1.388,3
1975.11,1988.00,1429.18,0.469,3.16,1.382,3
1975.91,1989.00,1378.82,0.328,3.14,1.433,3
1976.07,1988.00,1438.60,0.469,3.16,1.374,3
1978.55,1989.00,1465.59,0.531,3.17,1.350,3
1976.23,1989.00,1277.46,0.500,3.11,1.547,3
1976.41,1990.00,1241.60,0.469,3.09,1.592,3
1978.51,1990.00,1044.49,0.359,3.02,1.894,3
1979.98,1988.00,966.92,0.312,2.99,2.048,3
1978.63,1989.00,937.07,0.266,2.97,2.112,3
1978.15,1989.00,850.05,0.266,2.93,2.327,3
1981.43,1988.00,1018.11,0.172,3.01,1.946,3
1978.68,1989.00,945.52,0.297,2.98,2.093,3
1977.68,1990.00,730.27,0.344,2.86,2.708,3
1977.65,1988.00,830.99,0.297,2.92,2.380,3
1980.27,1989.00,935.71,0.375,2.97,2.116,3
1978.01,1989.00,806.26,0.344,2.91,2.453,3
1978.85,1989.00,742.67,0.375,2.87,2.665,3
1982.04,1990.00,913.59,0.469,2.96,2.169,3
1980.43,1992.00,896.46,0.188,2.95,2.209,3
1977.60,1989.00,839.32,0.250,2.92,2.356,3
1977.37,1992.00,752.45,0.312,2.88,2.628,3
1978.27,1989.00,976.97,0.312,2.99,2.025,3
1978.30,1990.00,812.38,0.297,2.91,2.435,3
1980.76,1991.00,758.42,0.406,2.88,2.612,3
1985.08,1991.00,669.73,0.375,2.83,2.964,3
1989.41,2001.00,1249.64,0.406,3.10,1.592,3
1991.02,2003.00,779.72,0.328,2.89,2.554,3
1995.40,2005.00,1448.27,0.141,3.16,1.378,3
2000.24,2008.00,1579.48,0.172,3.20,1.266,3
1994.82,2009.00,1610.47,0.250,3.21,1.239,3
1989.40,2003.00,1418.95,0.172,3.15,1.402,3
1983.34,2001.00,1567.95,0.172,3.20,1.265,3
1978.04,1988.00,1459.96,0.219,3.16,1.355,3
1973.72,1989.00,1403.11,0.172,3.15,1.407,3
1971.07,1977.00,1500.38,0.172,3.18,1.314,3
1971.15,1985.00,1419.47,0.109,3.15,1.389,3
1970.30,1976.00,1540.91,0.141,3.19,1.279,3
1968.80,1976.00,1478.26,0.156,3.17,1.332,3
1969.85,1976.00,1507.23,0.125,3.18,1.307,3
1971.55,1985.00,1451.04,0.141,3.16,1.359,3
1969.86,1975.00,1513.92,0.188,3.18,1.301,3
1967.41,1977.00,1480.36,0.109,3.17,1.329,3
1965.96,1975.00,1401.85,0.141,3.15,1.402,3
1966.77,1973.00,1369.59,0.172,3.14,1.436,3
1966.07,1974.00,1381.76,0.094,3.14,1.423,3
1966.21,1975.00,1401.25,0.188,3.15,1.403,3
1970.97,1988.00,1376.01,0.250,3.14,1.432,3
1970.71,1985.00,1221.01,0.250,3.09,1.614,3
1973.25,1986.00,738.56,0.422,2.87,2.672,3
1976.08,1987.00,667.87,0.500,2.82,2.959,3
1978.88,1988.00,791.97,0.281,2.90,2.499,3
1976.94,1989.00,792.52,0.203,2.90,2.495,3
1977.65,1987.00,804.37,0.359,2.91,2.459,3
1978.83,1991.00,787.52,0.500,2.90,2.513,3
1977.71,1989.00,890.64,0.266,2.95,2.221,3
1976.57,1988.00,908.82,0.312,2.96,2.175,3
1975.99,1987.00,682.73,0.516,2.83,2.894,3
1977.18,1989.00,750.77,0.312,2.88,2.634,3
1977.24,1988.00,769.90,0.422,2.89,2.568,3
1978.15,1990.00,751.10,0.484,2.88,2.634,3
1980.85,1989.00,793.05,0.344,2.90,2.498,3
1979.46,1989.00,810.00,0.328,2.91,2.444,3
1977.46,1990.00,846.77,0.391,2.93,2.335,3
1977.16,1989.00,705.97,0.469,2.85,2.801,3
1978.87,1988.00,766.71,0.344,2.88,2.581,3
1976.76,1988.00,579.70,0.359,2.76,3.410,3
1976.65,1988.00,677.53,0.281,2.83,2.917,3
1978.13,1991.00,686.63,0.562,2.84,2.881,3
1979.10,1988.00,864.48,0.312,2.94,2.289,3
1977.13,1988.00,727.94,0.375,2.86,2.716,3
1976.85,1988.00,665.82,0.359,2.82,2.969,3
1978.54,1989.00,686.88,0.406,2.84,2.880,3
1976.30,1988.00,771.76,0.359,2.89,2.561,3
1975.76,1988.00,682.01,0.406,2.83,2.897,3
1976.35,1987.00,622.68,0.422,2.79,3.174,3
1977.58,1986.00,771.52,0.359,2.89,2.563,3
1975.97,1987.00,736.15,0.359,2.87,2.684,3
1977.15,1989.00,895.63,0.266,2.95,2.208,3
1976.76,1992.00,817.10,0.297,2.91,2.419,3
1975.03,1987.00,747.09,0.469,2.87,2.644,3
1977.52,1988.00,832.98,0.422,2.92,2.374,3
1977.49,1989.00,823.13,0.328,2.92,2.402,3
1980.37,1992.00,823.16,0.391,2.92,2.406,3
1982.80,1990.00,697.03,0.422,2.84,2.845,3
1985.76,1992.00,678.44,0.328,2.83,2.927,3
1987.71,2001.00,861.69,0.297,2.94,2.307,3
1987.94,2000.00,866.80,0.344,2.94,2.293,3
1990.43,2004.00,703.29,0.500,2.85,2.830,3
1993.36,2004.00,871.93,0.359,2.94,2.286,3
1991.96,2003.00,767.81,0.438,2.89,2.594,3
1992.63,2004.00,1108.49,0.188,3.04,1.798,3
1989.90,2002.00,1474.88,0.125,3.17,1.349,3
1985.27,2004.00,1443.04,0.203,3.16,1.376,3
1977.32,1987.00,1475.70,0.234,3.17,1.340,3
1973.93,1986.00,1513.83,0.156,3.18,1.304,3
1973.19,1988.00,1535.51,0.141,3.19,1.285,3
1969.65,1976.00,1495.86,0.094,3.17,1.317,3
1971.72,1985.00,1509.57,0.188,3.18,1.306,3
1972.78,1985.00,1592.08,0.125,3.20,1.239,3
1973.80,1988.00,1365.45,0.141,3.14,1.446,3
1973.66,1988.00,1268.70,0.172,3.10,1.556,3
1975.13,1986.00,1197.04,0.297,3.08,1.650,3
1978.10,1992.00,1257.27,0.250,3.10,1.573,3
1977.81,1989.00,1257.69,0.266,3.10,1.573,3
1978.34,1989.00,1297.38,0.438,3.11,1.525,3
1981.20,2000.00,1627.67,0.391,3.21,1.217,3
1981.12,1989.00,1566.83,0.516,3.20,1.264,3
1980.65,1989.00,1917.04,0.250,3.28,1.033,3
1980.06,1990.00,1449.24,0.109,3.16,1.366,3
1976.71,1987.00,1319.24,0.000,3.12,1.498,3
1976.11,1987.00,1227.58,0.031,3.09,1.610,3
1974.36,1986.00,1089.71,0.172,3.04,1.812,3
1976.05,1988.00,1044.13,0.281,3.02,1.893,3
1976.12,1989.00,1124.90,0.266,3.05,1.757,3
1974.58,1987.00,1120.28,0.172,3.05,1.763,3
1974.65,1990.00,935.89,0.297,2.97,2.110,3
1973.22,1985.00,807.59,0.328,2.91,2.443,3
1973.33,1985.00,975.89,0.266,2.99,2.022,3
1972.16,1977.00,1156.43,0.109,3.06,1.705,3
1973.64,1985.00,926.85,0.297,2.97,2.129,3
1976.30,1990.00,856.71,0.328,2.93,2.307,3
1977.27,1988.00,999.32,0.250,3.00,1.979,3
1977.71,1991.00,996.18,0.250,3.00,1.985,3
1982.16,1992.00,848.87,0.453,2.93,2.335,3
1986.57,1993.00,855.32,0.219,2.93,2.323,3
1987.49,2000.00,937.46,0.359,2.97,2.120,3
1989.50,2000.00,937.52,0.438,2.97,2.122,3
1993.10,2003.00,914.24,0.234,2.96,2.180,3
1994.91,2005.00,1590.71,0.141,3.20,1.254,3
1992.41,2002.00,1457.18,0.172,3.16,1.367,3
1987.65,2003.00,1518.74,0.234,3.18,1.309,3
1979.37,1989.00,1429.58,0.125,3.16,1.385,3
1975.19,1987.00,1495.35,0.141,3.17,1.321,3
1970.46,1978.00,1414.14,0.172,3.15,1.393,3
1969.08,1976.00,1462.14,0.109,3.16,1.347,3
1967.49,1977.00,1411.56,0.219,3.15,1.394,3
1966.35,1975.00,1462.76,0.109,3.17,1.344,3
1967.08,1974.00,1359.03,0.172,3.13,1.447,3
1969.30,1986.00,1472.43,0.141,3.17,1.337,3
1968.49,1977.00,1373.16,0.203,3.14,1.434,3
1970.55,1978.00,1473.75,0.172,3.17,1.337,3
1969.71,1975.00,1439.25,0.266,3.16,1.369,3
1970.86,1975.00,1405.01,0.156,3.15,1.403,3
1970.61,1984.00,1361.33,0.156,3.13,1.448,3
1972.25,1978.00,1354.64,0.125,3.13,1.456,3
1974.13,1987.00,1103.01,0.375,3.04,1.790,3
1975.63,1988.00,962.57,0.328,2.98,2.052,3
1975.85,1989.00,601.78,0.141,2.78,3.283,3
1974.88,1989.00,673.14,0.109,2.83,2.934,3
