1976.69,1986.00,522.24,0.156,2.72,3.785,2
1981.77,1991.00,566.78,0.156,2.75,3.497,2
1981.32,1990.00,546.85,0.031,2.74,3.623,2
1979.29,1992.00,520.04,0.219,2.72,3.806,2
1980.33,1989.00,412.61,0.312,2.62,4.800,2
1981.20,2048.00,584.46,0.125,2.77,3.390,2
1985.22,1992.00,555.69,0.094,2.74,3.573,2
1981.71,1988.00,327.39,0.453,2.52,6.053,2
1983.74,1990.00,565.94,0.031,2.75,3.505,2
1983.29,1992.00,553.97,0.062,2.74,3.580,2
1978.62,1989.00,532.03,0.188,2.73,3.719,2
1978.24,1989.00,332.53,0.312,2.52,5.949,2
1978.41,1988.00,486.27,0.109,2.69,4.069,2
1977.05,1989.00,669.63,0.125,2.83,2.952,2
1976.22,1986.00,732.96,0.203,2.87,2.696,2
1975.35,1987.00,757.32,0.125,2.88,2.608,2
1976.22,1987.00,989.43,0.062,3.00,1.997,2
1974.22,1986.00,478.88,0.250,2.68,4.123,2
1973.33,1979.00,900.34,0.094,2.95,2.192,2
1975.74,1986.00,1313.77,0.250,3.12,1.504,2
1975.91,1987.00,1416.88,0.438,3.15,1.395,2
1975.54,1989.00,1463.54,0.312,3.17,1.350,2
1977.05,1988.00,1439.44,0.469,3.16,1.373,2
1984.21,1989.00,1559.50,0.438,3.19,1.272,2
1987.97,1996.00,1507.48,0.188,3.18,1.319,2
1990.28,2003.00,1517.84,0.109,3.18,1.311,2
1990.99,2004.00,1601.07,0.109,3.20,1.244,2
1992.33,2004.00,1562.75,0.062,3.19,1.275,2
1990.85,2004.00,1555.98,0.094,3.19,1.279,2
1984.27,1992.00,1510.19,0.047,3.18,1.314,2
1980.32,1991.00,1475.43,0.078,3.17,1.342,2
1976.00,1988.00,1570.50,0.062,3.20,1.258,2
1973.54,1987.00,1538.45,0.062,3.19,1.283,2
1970.02,1975.00,1430.13,0.047,3.16,1.378,2
1970.43,1976.00,1513.42,0.047,3.18,1.302,2
1967.15,1977.00,1485.30,0.062,3.17,1.324,2
1966.15,1976.00,1497.54,0.078,3.18,1.313,2
1965.40,1975.00,1422.26,0.031,3.15,1.382,2
1967.65,1975.00,1544.32,0.047,3.19,1.274,2
1967.52,1976.00,1494.46,0.062,3.17,1.317,2
1969.63,1977.00,1446.45,0.047,3.16,1.362,2
1972.71,1985.00,1460.28,0.078,3.16,1.351,2
1973.73,1987.00,1539.28,0.094,3.19,1.282,2
1975.23,1991.00,1541.31,0.047,3.19,1.282,2
1978.60,1989.00,1406.20,0.031,3.15,1.407,2
1977.16,1988.00,504.76,0.094,2.70,3.917,2
1977.58,1988.00,517.64,0.094,2.71,3.820,2
1979.26,1987.00,330.58,0.375,2.52,5.987,2
1979.76,1990.00,548.23,0.031,2.74,3.611,2
1979.51,1990.00,490.79,0.062,2.69,4.033,2
1977.40,1988.00,420.37,0.266,2.62,4.704,2
1978.27,1989.00,546.56,0.031,2.74,3.619,2
1978.80,1988.00,818.37,0.000,2.91,2.418,2
1975.71,1987.00,906.69,0.109,2.96,2.179,2
1974.31,1987.00,571.52,0.141,2.76,3.455,2
1975.03,1986.00,622.70,0.156,2.79,3.172,2
1975.25,1987.00,765.08,0.297,2.88,2.582,2
1975.10,1987.00,823.37,0.391,2.92,2.399,2
1976.89,1987.00,1240.34,0.516,3.09,1.594,2
1983.33,1991.00,1306.49,0.359,3.12,1.518,2
1986.63,2000.00,1349.05,0.578,3.13,1.473,2
1989.10,1993.00,1270.82,0.438,3.10,1.565,2
1989.30,1995.00,1153.07,0.234,3.06,1.725,2
1991.38,2004.00,1167.69,0.203,3.07,1.705,2
1992.22,2003.00,1460.52,0.078,3.16,1.364,2
1990.93,2002.00,1548.21,0.078,3.19,1.286,2
1990.51,2003.00,1571.83,0.062,3.20,1.266,2
1984.74,1994.00,1537.64,0.078,3.19,1.291,2
1978.66,1989.00,1441.53,0.047,3.16,1.373,2
1976.59,1991.00,1572.37,0.062,3.20,1.257,2
1975.44,1987.00,1558.96,0.047,3.19,1.267,2
1972.86,1977.00,1452.36,0.031,3.16,1.358,2
1972.30,1986.00,1543.38,0.125,3.19,1.278,2
1973.06,1985.00,1538.11,0.094,3.19,1.283,2
1971.80,1977.00,1423.88,0.094,3.15,1.385,2
1971.92,1987.00,1514.54,0.125,3.18,1.302,2
1971.30,1977.00,1502.28,0.078,3.18,1.312,2
1972.24,1984.00,1424.20,0.078,3.15,1.385,2
1973.04,1985.00,1489.59,0.109,3.17,1.325,2
1974.22,1987.00,1558.30,0.125,3.19,1.267,2
1973.96,1986.00,1460.83,0.078,3.16,1.351,2
1975.43,1988.00,1425.23,0.094,3.15,1.386,2
1975.00,1987.00,1447.11,0.125,3.16,1.365,2
1977.35,1990.00,1471.07,0.078,3.17,1.344,2
1978.82,1990.00,1393.23,0.062,3.14,1.420,2
1984.15,1993.00,1488.75,0.078,3.17,1.333,2
1984.08,1992.00,1433.89,0.047,3.16,1.384,2
1985.83,1993.00,1437.90,0.047,3.16,1.381,2
1988.28,1993.00,1450.30,0.062,3.16,1.371,2
1979.09,1989.00,599.87,0.344,2.78,3.299,2
1981.90,1992.00,592.19,0.219,2.77,3.347,2
1982.85,1989.00,631.02,0.062,2.80,3.142,2
1979.26,1989.00,611.32,0.406,2.79,3.238,2
1981.70,1991.00,514.97,0.375,2.71,3.848,2
1981.35,1992.00,635.07,0.250,2.80,3.120,2
1977.77,1988.00,609.17,0.156,2.78,3.247,2
1979.79,1990.00,568.85,0.281,2.75,3.480,2
1979.23,1988.00,512.53,0.172,2.71,3.862,2
1978.07,1989.00,539.33,0.234,2.73,3.668,2
1977.11,1989.00,987.78,0.312,2.99,2.002,2
1976.97,1987.00,1249.25,0.359,3.10,1.583,2
1977.25,1988.00,1421.66,0.500,3.15,1.391,2
1978.43,1988.00,1293.46,0.547,3.11,1.530,2
1981.62,1990.00,1313.65,0.469,3.12,1.508,2
1986.53,1992.00,1526.39,0.594,3.18,1.301,2
1989.86,2002.00,1387.03,0.188,3.14,1.435,2
1989.07,2001.00,1264.35,0.297,3.10,1.573,2
1993.86,2004.00,1429.90,0.094,3.16,1.394,2
1998.26,2008.00,1642.33,0.109,3.22,1.217,2
1992.52,2006.00,1465.72,0.078,3.17,1.359,2
1988.83,2001.00,1536.88,0.109,3.19,1.294,2
1984.35,2001.00,1558.49,0.094,3.19,1.273,2
1979.82,1991.00,1435.47,0.062,3.16,1.379,2
1977.24,1990.00,1540.84,0.109,3.19,1.283,2
1972.61,1977.00,1557.16,0.047,3.19,1.267,2
1973.05,1986.00,1435.33,0.031,3.16,1.375,2
1973.74,1986.00,1556.49,0.125,3.19,1.268,2
1971.43,1986.00,1490.97,0.078,3.17,1.322,2
1972.44,1987.00,1456.83,0.109,3.16,1.354,2
1972.52,1987.00,1544.10,0.125,3.19,1.277,2
1969.87,1976.00,1461.62,0.078,3.16,1.348,2
1969.96,1986.00,1506.47,0.109,3.18,1.308,2
1971.43,1986.00,1528.72,0.125,3.18,1.290,2
1970.94,1976.00,1459.30,0.078,3.16,1.351,2
1971.46,1986.00,1507.64,0.109,3.18,1.308,2
1971.85,1987.00,1529.11,0.156,3.18,1.290,2
1972.92,1985.00,1431.34,0.078,3.16,1.378,2
1973.25,1985.00,1422.23,0.109,3.15,1.387,2
1972.49,1986.00,1459.24,0.125,3.16,1.352,2
1973.07,1989.00,1446.30,0.078,3.16,1.364,2
1974.35,1986.00,1463.99,0.109,3.17,1.349,2
1973.52,1987.00,1542.18,0.125,3.19,1.280,2
1972.14,1977.00,1468.37,0.078,3.17,1.343,2
1973.69,1986.00,1494.94,0.109,3.17,1.320,2
1974.21,1988.00,1469.94,0.094,3.17,1.343,2
1973.89,1985.00,1383.44,0.078,3.14,1.427,2
1975.74,1987.00,1483.42,0.047,3.17,1.332,2
1983.32,2002.00,1478.83,0.047,3.17,1.341,2
1979.46,1988.00,1390.88,0.031,3.14,1.423,2
1977.72,1989.00,444.05,0.031,2.65,4.454,2
1978.21,1990.00,624.83,0.188,2.80,3.166,2
1979.18,1988.00,925.52,0.078,2.97,2.138,2
1976.75,1988.00,1423.38,0.047,3.15,1.389,2
1975.88,1986.00,1492.16,0.047,3.17,1.324,2
1976.38,1989.00,997.07,0.156,3.00,1.982,2
1977.41,1989.00,1060.40,0.344,3.03,1.865,2
1976.52,1988.00,1242.65,0.469,3.09,1.591,2
1977.61,1988.00,1275.16,0.422,3.11,1.551,2
1982.55,1990.00,1368.46,0.469,3.14,1.449,2
1984.76,1993.00,1297.19,0.469,3.11,1.530,2
1985.77,1991.00,1174.41,0.469,3.07,1.691,2
1989.08,2003.00,1078.95,0.344,3.03,1.844,2
1990.39,2002.00,1403.93,0.203,3.15,1.418,2
1991.95,2007.00,1516.06,0.062,3.18,1.314,2
1999.68,2009.00,1504.65,0.094,3.18,1.329,2
2000.10,2007.00,1577.23,0.109,3.20,1.268,2
1990.25,2002.00,1582.15,0.078,3.20,1.258,2
1983.27,1991.00,1456.84,0.094,3.16,1.361,2
1978.87,1989.00,1549.20,0.094,3.19,1.277,2
1974.10,1988.00,1469.30,0.078,3.17,1.344,2
1972.46,1986.00,1489.81,0.109,3.17,1.324,2
1970.57,1985.00,1505.78,0.109,3.18,1.309,2
1970.93,1976.00,1429.83,0.062,3.16,1.378,2
1971.27,1978.00,1501.24,0.109,3.18,1.313,2
1970.78,1977.00,1555.57,0.094,3.19,1.267,2
1971.86,1985.00,1431.38,0.078,3.16,1.378,2
1973.47,1987.00,1536.14,0.125,3.19,1.285,2
1971.91,1985.00,1531.46,0.078,3.19,1.288,2
1971.36,1986.00,1415.34,0.094,3.15,1.393,2
1972.85,1987.00,1476.47,0.125,3.17,1.336,2
1972.13,1977.00,1500.59,0.078,3.18,1.314,2
1970.05,1975.00,1392.79,0.109,3.14,1.414,2
1971.44,1977.00,1514.81,0.094,3.18,1.301,2
1972.86,1984.00,1488.61,0.078,3.17,1.325,2
1972.64,1988.00,1424.51,0.094,3.15,1.385,2
1973.66,1986.00,1500.70,0.125,3.18,1.315,2
1973.96,1989.00,1459.44,0.078,3.16,1.353,2
1976.36,1988.00,1524.05,0.109,3.18,1.297,2
1977.71,1989.00,1521.62,0.078,3.18,1.300,2
1976.60,1987.00,1407.08,0.062,3.15,1.405,2
1979.95,1991.00,1509.27,0.094,3.18,1.312,2
1982.41,1990.00,1360.77,0.109,3.13,1.457,2
1980.80,1990.00,1451.67,0.109,3.16,1.365,2
1981.54,1990.00,1428.11,0.125,3.15,1.388,2
1982.93,1992.00,1387.20,0.062,3.14,1.429,2
1983.98,1990.00,1473.75,0.078,3.17,1.346,2
1977.43,1989.00,1256.87,0.016,3.10,1.573,2
1976.55,1987.00,1174.97,0.172,3.07,1.682,2
1976.07,1989.00,913.37,0.344,2.96,2.163,2
1977.88,1988.00,1156.66,0.438,3.06,1.710,2
1976.90,1988.00,1159.24,0.375,3.06,1.705,2
1978.02,1988.00,1398.60,0.578,3.15,1.414,2
1980.80,1990.00,1255.72,0.406,3.10,1.577,2
1981.23,1991.00,1245.84,0.406,3.10,1.590,2
1983.69,1993.00,1356.31,0.469,3.13,1.463,2
1987.54,2000.00,1168.15,0.297,3.07,1.701,2
1989.82,2003.00,812.94,0.328,2.91,2.448,2
1989.02,2002.00,691.91,0.172,2.84,2.875,2
1990.69,2003.00,624.17,0.375,2.80,3.189,2
1991.13,2004.00,1356.35,0.047,3.13,1.468,2
1986.82,1994.00,1585.97,0.062,3.20,1.253,2
1979.08,1988.00,1500.47,0.078,3.18,1.319,2
1976.04,1987.00,1508.57,0.109,3.18,1.310,2
1976.32,1987.00,1537.63,0.094,3.19,1.285,2
1974.74,1987.00,1461.50,0.078,3.16,1.351,2
1973.99,1987.00,1539.35,0.078,3.19,1.282,2
1974.16,1987.00,1588.17,0.062,3.20,1.243,2
1974.38,1988.00,1444.35,0.031,3.16,1.367,2
1974.22,1990.00,1563.82,0.078,3.19,1.262,2
1972.71,1978.00,1557.10,0.078,3.19,1.267,2
1974.41,1987.00,1415.30,0.094,3.15,1.395,2
1973.95,1986.00,1566.55,0.125,3.19,1.260,2
1972.77,1987.00,1532.36,0.078,3.19,1.287,2
1973.27,1988.00,1444.39,0.109,3.16,1.366,2
1974.36,1986.00,1565.72,0.094,3.19,1.261,2
1974.53,1986.00,1506.66,0.047,3.18,1.311,2
1974.58,1989.00,1525.30,0.047,3.18,1.295,2
1978.52,1991.00,1560.14,0.062,3.19,1.268,2
1979.30,1993.00,1520.78,0.047,3.18,1.302,2
1976.85,1987.00,1494.89,0.047,3.17,1.322,2
1975.52,1986.00,1574.31,0.062,3.20,1.255,2
1976.66,1989.00,1538.07,0.047,3.19,1.285,2
1976.19,1988.00,1454.99,0.047,3.16,1.358,2
1975.94,1988.00,1545.80,0.062,3.19,1.278,2
1976.71,1988.00,1490.70,0.047,3.17,1.326,2
1978.51,1989.00,1392.08,0.047,3.14,1.421,2
1979.84,1990.00,1472.32,0.094,3.17,1.345,2
1978.57,1990.00,1388.77,0.047,3.14,1.425,2
1981.41,1991.00,1478.57,0.047,3.17,1.340,2
1979.90,1988.00,1497.85,0.047,3.18,1.322,2
1978.99,1990.00,1354.25,0.047,3.13,1.461,2
1980.99,1991.00,1375.42,0.078,3.14,1.440,2
1977.32,1987.00,1155.79,0.312,3.06,1.711,2
1978.01,1988.00,1227.69,0.469,3.09,1.611,2
1979.24,1990.00,1467.92,0.375,3.17,1.348,2
1983.54,1990.00,1348.32,0.328,3.13,1.471,2
1984.41,1992.00,1335.65,0.406,3.13,1.486,2
1986.54,2000.00,1465.29,0.438,3.17,1.356,2
1986.38,2000.00,1041.90,0.172,3.02,1.907,2
1988.39,1992.00,1163.81,0.109,3.07,1.709,2
1989.41,2001.00,1210.35,0.109,3.08,1.644,2
1988.72,1993.00,1555.83,0.047,3.19,1.278,2
1986.69,1993.00,1523.38,0.109,3.18,1.304,2
1984.41,1991.00,1611.55,0.125,3.21,1.231,2
1980.79,1989.00,1520.05,0.078,3.18,1.303,2
1979.94,1990.00,1485.09,0.109,3.17,1.333,2
1979.23,1990.00,1609.28,0.125,3.21,1.230,2
1977.27,1988.00,1513.38,0.078,3.18,1.307,2
1974.86,1986.00,1508.24,0.109,3.18,1.309,2
1974.78,1987.00,1572.26,0.125,3.20,1.256,2
1973.77,1986.00,1482.38,0.078,3.17,1.331,2
1972.71,1987.00,1544.02,0.109,3.19,1.278,2
1973.85,1987.00,1589.12,0.094,3.20,1.242,2
1977.15,1990.00,1431.51,0.078,3.16,1.381,2
1976.94,1989.00,1516.60,0.125,3.18,1.304,2
1978.73,1991.00,1450.55,0.047,3.16,1.364,2
1978.93,1989.00,1428.04,0.109,3.15,1.386,2
1979.76,1992.00,1485.86,0.125,3.17,1.332,2
1975.41,1987.00,1404.55,0.078,3.15,1.406,2
1974.28,1986.00,1496.95,0.109,3.18,1.319,2
1974.99,1987.00,1490.07,0.125,3.17,1.325,2
1974.22,1987.00,1380.19,0.109,3.14,1.430,2
1974.13,1989.00,1439.79,0.188,3.16,1.371,2
1973.97,1988.00,1422.94,0.203,3.15,1.387,2
1975.93,1987.00,1420.47,0.203,3.15,1.391,2
1977.02,1987.00,1469.81,0.109,3.17,1.345,2
1975.63,1988.00,1333.01,0.156,3.12,1.482,2
1976.04,1986.00,1441.83,0.156,3.16,1.371,2
1977.36,1988.00,1308.82,0.078,3.12,1.511,2
1980.31,1992.00,1430.55,0.062,3.16,1.384,2
1979.37,1990.00,1379.31,0.109,3.14,1.435,2
1982.87,1992.00,1462.68,0.047,3.17,1.356,2
1983.30,1992.00,1421.10,0.047,3.15,1.396,2
1981.54,1989.00,1166.26,0.078,3.07,1.699,2
1980.32,1988.00,577.43,0.344,2.76,3.430,2
1981.59,1994.00,634.19,0.281,2.80,3.125,2
1980.26,1989.00,713.00,0.125,2.85,2.777,2
1978.05,1988.00,945.79,0.156,2.98,2.091,2
1978.27,1990.00,1422.94,0.203,3.15,1.390,2
1980.66,1991.00,1217.76,0.156,3.09,1.626,2
1977.08,1990.00,1050.04,0.375,3.02,1.883,2
1977.05,1986.00,1041.65,0.297,3.02,1.898,2
1980.12,1991.00,1227.88,0.266,3.09,1.613,2
1985.76,2002.00,1546.53,0.281,3.19,1.284,2
1986.42,2001.00,1281.54,0.203,3.11,1.550,2
1990.16,2003.00,1370.70,0.281,3.14,1.452,2
1993.32,2006.00,1202.09,0.234,3.08,1.658,2
1997.74,2007.00,1660.75,0.094,3.22,1.203,2
2003.27,2017.00,1592.34,0.094,3.20,1.258,2
2002.85,2015.00,1475.68,0.047,3.17,1.357,2
2000.21,2007.00,1604.09,0.047,3.21,1.247,2
1990.25,2003.00,1572.28,0.047,3.20,1.266,2
1984.82,1993.00,1413.91,0.031,3.15,1.404,2
1983.24,1991.00,1551.39,0.047,3.19,1.278,2
1977.38,1989.00,1490.29,0.047,3.17,1.327,2
1975.07,1993.00,1444.44,0.078,3.16,1.367,2
1975.33,1988.00,1521.36,0.094,3.18,1.298,2
1977.13,1987.00,1399.61,0.047,3.15,1.413,2
1976.60,2002.00,1499.14,0.078,3.18,1.318,2
1976.73,1989.00,1555.30,0.047,3.19,1.271,2
1975.97,1988.00,1448.77,0.031,3.16,1.364,2
1976.78,1987.00,1548.20,0.094,3.19,1.277,2
1975.55,1988.00,1551.00,0.047,3.19,1.274,2
1975.96,1988.00,1479.46,0.047,3.17,1.336,2
1976.08,1988.00,1561.29,0.062,3.19,1.266,2
1972.74,1985.00,1584.86,0.047,3.20,1.245,2
1970.38,1977.00,1447.58,0.031,3.16,1.361,2
1973.42,1987.00,1607.75,0.047,3.21,1.227,2
1979.29,1988.00,1570.72,0.062,3.20,1.260,2
1979.66,1990.00,1455.25,0.047,3.16,1.360,2
1981.32,1992.00,1519.62,0.047,3.18,1.304,2
1979.95,1994.00,1533.50,0.062,3.19,1.291,2
1976.90,1989.00,1541.36,0.047,3.19,1.283,2
1973.09,1977.00,1416.46,0.031,3.15,1.393,2
1973.49,1989.00,1556.74,0.047,3.19,1.268,2
1975.50,1987.00,1529.18,0.062,3.18,1.292,2
1975.13,1988.00,1413.18,0.031,3.15,1.398,2
1974.83,1986.00,1503.86,0.047,3.18,1.313,2
1976.05,1988.00,1482.96,0.047,3.17,1.333,2
1976.80,1990.00,1415.12,0.031,3.15,1.397,2
1979.91,1989.00,1415.38,0.062,3.15,1.399,2
1978.68,1990.00,1357.92,0.062,3.13,1.457,2
1981.76,1991.00,1422.59,0.047,3.15,1.393,2
1975.66,1986.00,660.48,0.344,2.82,2.991,2
1975.32,1986.00,718.22,0.188,2.86,2.750,2
1976.49,1988.00,904.14,0.125,2.96,2.186,2
1976.77,1987.00,1445.73,0.062,3.16,1.367,2
1976.44,1989.00,1491.09,0.062,3.17,1.326,2
1976.83,1989.00,1474.87,0.094,3.17,1.340,2
1978.04,1989.00,1304.14,0.094,3.12,1.517,2
1975.22,1988.00,1046.60,0.031,3.02,1.887,2
1976.02,1989.00,1027.61,0.328,3.01,1.923,2
1978.35,1987.00,962.13,0.219,2.98,2.056,2
1979.40,1989.00,1527.96,0.344,3.18,1.295,2
1977.66,1988.00,930.19,0.344,2.97,2.126,2
1979.15,1989.00,1258.82,0.344,3.10,1.572,2
1981.38,1990.00,1352.66,0.422,3.13,1.465,2
1981.51,1990.00,1321.10,0.547,3.12,1.500,2
1985.33,1991.00,1437.13,0.406,3.16,1.381,2
1987.42,1992.00,1415.46,0.172,3.15,1.404,2
1987.70,1992.00,1163.98,0.156,3.07,1.708,2
1985.84,1993.00,1558.83,0.094,3.19,1.274,2
1985.36,1993.00,1503.14,0.109,3.18,1.321,2
1986.97,1992.00,1530.07,0.156,3.18,1.299,2
1985.99,1995.00,1491.81,0.141,3.17,1.331,2
1983.51,1992.00,1438.73,0.234,3.16,1.379,2
1982.31,1992.00,1493.01,0.156,3.17,1.328,2
1982.27,1989.00,1410.93,0.203,3.15,1.405,2
1978.77,1989.00,1507.57,0.172,3.18,1.313,2
1974.71,1987.00,1359.26,0.156,3.13,1.453,2
1976.10,1990.00,1464.28,0.188,3.17,1.350,2
1974.96,1988.00,1345.15,0.094,3.13,1.468,2
1973.90,1990.00,1472.75,0.141,3.17,1.340,2
1975.09,1992.00,1416.56,0.078,3.15,1.394,2
1974.55,1985.00,1439.35,0.109,3.16,1.372,2
1974.24,1988.00,1491.42,0.094,3.17,1.324,2
1972.46,1986.00,1364.10,0.062,3.13,1.446,2
1974.88,1987.00,1480.97,0.125,3.17,1.334,2
1974.99,1986.00,1403.11,0.078,3.15,1.408,2
1975.48,1990.00,1420.33,0.109,3.15,1.391,2
1975.10,1988.00,1485.65,0.109,3.17,1.329,2
1974.78,1986.00,1321.46,0.062,3.12,1.494,2
1976.19,1990.00,1429.22,0.125,3.16,1.383,2
1975.38,1989.00,1432.05,0.047,3.16,1.379,2
1975.65,1989.00,1343.14,0.078,3.13,1.471,2
1977.18,1988.00,1429.25,0.156,3.16,1.383,2
1976.54,1988.00,1313.15,0.125,3.12,1.505,2
1976.94,1989.00,1447.09,0.234,3.16,1.366,2
1977.77,1988.00,1305.26,0.219,3.12,1.515,2
1977.23,1989.00,1468.09,0.172,3.17,1.347,2
1974.55,1986.00,1310.10,0.172,3.12,1.507,2
1975.22,1987.00,1386.24,0.141,3.14,1.425,2
1977.29,1988.00,1372.70,0.125,3.14,1.440,2
1976.29,1987.00,1328.29,0.141,3.12,1.488,2
1976.93,1989.00,1454.21,0.062,3.16,1.359,2
1979.37,1989.00,1309.12,0.031,3.12,1.512,2
1984.65,1991.00,1447.41,0.062,3.16,1.371,2
1984.93,1992.00,1278.53,0.047,3.11,1.553,2
1989.17,2001.00,1399.28,0.047,3.15,1.422,2
1987.99,2003.00,1444.37,0.047,3.16,1.376,2
1984.90,1992.00,1283.71,0.047,3.11,1.546,2
1977.49,1988.00,793.31,0.172,2.90,2.493,2
1976.74,1988.00,766.39,0.250,2.88,2.579,2
1977.69,1988.00,657.80,0.500,2.82,3.007,2
1977.96,1987.00,650.87,0.344,2.81,3.039,2
1979.19,1991.00,764.92,0.203,2.88,2.587,2
1976.37,1987.00,649.61,0.281,2.81,3.042,2
1976.47,1987.00,668.56,0.219,2.83,2.956,2
1978.99,1989.00,1146.95,0.188,3.06,1.725,2
1977.33,1989.00,623.12,0.219,2.79,3.173,2
1977.30,1991.00,958.39,0.281,2.98,2.063,2
1977.96,1988.00,1128.73,0.328,3.05,1.752,2
1978.99,1990.00,1303.21,0.312,3.12,1.519,2
1980.98,1989.00,1229.43,0.234,3.09,1.611,2
1983.70,1992.00,1097.22,0.438,3.04,1.808,2
1987.82,1993.00,1075.26,0.500,3.03,1.849,2
1988.99,1992.00,1139.75,0.219,3.06,1.745,2
1988.89,2000.00,886.87,0.141,2.95,2.243,2
1988.10,2002.00,815.78,0.375,2.91,2.437,2
1990.33,2003.00,1594.00,0.141,3.20,1.249,2
1988.46,2002.00,1372.95,0.094,3.14,1.448,2
1986.29,2003.00,1537.81,0.141,3.19,1.292,2
1981.93,1990.00,1433.50,0.109,3.16,1.383,2
1980.02,2004.00,1352.80,0.234,3.13,1.464,2
1975.94,1986.00,1417.70,0.188,3.15,1.394,2
1974.21,1988.00,1327.31,0.172,3.12,1.487,2
1975.43,1987.00,1444.78,0.219,3.16,1.367,2
1973.10,1987.00,1360.50,0.094,3.13,1.450,2
1972.60,1984.00,1487.70,0.125,3.17,1.326,2
1972.21,1985.00,1377.42,0.109,3.14,1.432,2
1973.69,1989.00,1432.16,0.203,3.16,1.378,2
1972.44,1984.00,1460.45,0.141,3.16,1.351,2
1972.69,1986.00,1323.72,0.188,3.12,1.490,2
1975.66,1987.00,1449.55,0.125,3.16,1.363,2
1974.44,1986.00,1370.91,0.094,3.14,1.440,2
1977.57,1987.00,1451.74,0.125,3.16,1.362,2
1978.54,1991.00,1346.05,0.031,3.13,1.470,2
1980.82,1991.00,1447.22,0.047,3.16,1.369,2
1981.07,1990.00,1356.83,0.078,3.13,1.460,2
1981.67,2000.00,1358.96,0.047,3.13,1.458,2
1983.32,1991.00,1392.43,0.047,3.14,1.424,2
1981.95,1992.00,1307.15,0.078,3.12,1.516,2
1979.96,1989.00,1464.46,0.047,3.17,1.352,2
1979.19,1990.00,1299.51,0.062,3.11,1.523,2
1981.37,1990.00,1425.16,0.109,3.15,1.390,2
1978.66,1991.00,1202.61,0.125,3.08,1.645,2
1977.71,1990.00,1295.24,0.031,3.11,1.527,2
1976.91,1989.00,1378.45,0.078,3.14,1.434,2
1976.22,1988.00,1110.20,0.078,3.05,1.780,2
1973.29,1988.00,584.35,0.219,2.77,3.377,2
1973.52,1986.00,642.38,0.344,2.81,3.072,2
1978.16,1989.00,921.41,0.062,2.96,2.147,2
1975.99,1990.00,811.67,0.188,2.91,2.434,2
1978.19,1986.00,755.56,0.156,2.88,2.618,2
1980.04,1989.00,667.87,0.328,2.82,2.965,2
1978.88,1989.00,644.17,0.266,2.81,3.072,2
1978.12,1991.00,516.77,0.219,2.71,3.828,2
1977.40,1988.00,654.45,0.312,2.82,3.021,2
1979.48,1990.00,1243.39,0.125,3.09,1.592,2
1977.33,1988.00,756.46,0.172,2.88,2.614,2
1977.41,1989.00,669.58,0.297,2.83,2.953,2
1978.49,1988.00,954.33,0.250,2.98,2.073,2
1979.09,1988.00,1284.10,0.141,3.11,1.541,2
1976.80,1989.00,1196.46,0.312,3.08,1.652,2
1979.44,1990.00,1332.01,0.312,3.12,1.486,2
1986.32,1992.00,1214.62,0.359,3.08,1.635,2
1987.72,1994.00,1286.46,0.375,3.11,1.545,2
1990.41,2002.00,1090.97,0.234,3.04,1.824,2
1994.35,2004.00,1225.63,0.078,3.09,1.627,2
2002.89,2008.00,853.10,0.250,2.93,2.348,2
2005.38,2019.00,1616.73,0.156,3.21,1.240,2
2001.38,2018.00,1501.33,0.109,3.18,1.333,2
1993.77,2005.00,1375.24,0.156,3.14,1.450,2
1990.07,2001.00,1468.12,0.156,3.17,1.356,2
1982.90,1990.00,1336.84,0.141,3.13,1.483,2
1978.52,1991.00,1458.16,0.172,3.16,1.357,2
1974.99,1987.00,1386.20,0.078,3.14,1.425,2
1972.24,1985.00,1423.42,0.109,3.15,1.386,2
1971.82,1986.00,1501.70,0.094,3.18,1.313,2
1971.58,1978.00,1371.67,0.094,3.14,1.437,2
1974.14,1989.00,1483.10,0.125,3.17,1.331,2
1971.72,1984.00,1368.50,0.141,3.14,1.441,2
1972.02,1977.00,1371.99,0.109,3.14,1.437,2
1972.89,1978.00,1462.19,0.094,3.17,1.349,2
1972.03,1978.00,1309.24,0.188,3.12,1.506,2
1973.21,1987.00,1444.23,0.156,3.16,1.366,2
1972.92,1978.00,1335.63,0.172,3.13,1.477,2
1974.07,1987.00,1401.50,0.203,3.15,1.409,2
1972.94,1986.00,1436.52,0.109,3.16,1.373,2
1972.30,1986.00,1339.12,0.109,3.13,1.473,2
1973.46,1987.00,1457.91,0.094,3.16,1.354,2
1974.05,1988.00,1318.72,0.047,3.12,1.497,2
1976.15,1987.00,1489.29,0.047,3.17,1.327,2
1978.34,1990.00,1410.24,0.047,3.15,1.403,2
1983.04,1992.00,1271.92,0.047,3.10,1.559,2
1983.02,1992.00,1433.12,0.062,3.16,1.384,2
1980.46,1990.00,1238.59,0.078,3.09,1.599,2
1981.52,1990.00,1430.11,0.047,3.16,1.386,2
1978.55,1992.00,1435.50,0.047,3.16,1.378,2
1974.94,1987.00,1320.26,0.062,3.12,1.496,2
1975.63,1989.00,1237.33,0.125,3.09,1.597,2
1975.88,1988.00,983.20,0.047,2.99,2.010,2
1976.24,1988.00,739.10,0.078,2.87,2.674,2
1974.34,1985.00,587.32,0.156,2.77,3.362,2
1973.75,1986.00,750.95,0.188,2.88,2.628,2
1974.50,1984.00,1173.30,0.172,3.07,1.683,2
1974.63,1986.00,580.59,0.203,2.76,3.401,2
1975.16,1988.00,659.26,0.250,2.82,2.996,2
1976.79,1987.00,467.77,0.250,2.67,4.226,2
1982.52,1989.00,740.88,0.172,2.87,2.676,2
1980.10,1992.00,618.18,0.188,2.79,3.203,2
1979.40,1989.00,537.49,0.219,2.73,3.683,2
1979.91,1989.00,738.97,0.188,2.87,2.679,2
1977.54,1988.00,712.18,0.203,2.85,2.777,2
1976.07,1988.00,646.35,0.219,2.81,3.057,2
1976.16,1988.00,662.18,0.156,2.82,2.984,2
1977.61,1989.00,789.11,0.125,2.90,2.506,2
1976.00,1986.00,650.13,0.156,2.81,3.039,2
1977.07,1988.00,611.84,0.297,2.79,3.231,2
1978.30,1988.00,751.35,0.125,2.88,2.633,2
1977.19,1987.00,698.90,0.266,2.84,2.829,2
1975.08,1987.00,706.04,0.188,2.85,2.797,2
1975.32,1986.00,580.03,0.188,2.76,3.406,2
1975.50,1989.00,763.69,0.062,2.88,2.587,2
1975.83,1986.00,696.65,0.312,2.84,2.836,2
1975.11,1986.00,726.40,0.234,2.86,2.719,2
1977.54,1988.00,574.79,0.297,2.76,3.440,2
1977.43,1987.00,698.96,0.266,2.84,2.829,2
1976.48,1988.00,693.69,0.250,2.84,2.849,2
1979.15,1990.00,825.83,0.250,2.92,2.397,2
1977.49,1989.00,720.41,0.219,2.86,2.745,2
1976.88,1987.00,540.22,0.281,2.73,3.659,2
1979.26,1989.00,712.85,0.234,2.85,2.777,2
1977.99,1991.00,772.29,0.156,2.89,2.561,2
1977.21,1987.00,606.52,0.281,2.78,3.260,2
1978.38,1990.00,756.17,0.156,2.88,2.616,2
1979.63,1988.00,909.10,0.188,2.96,2.178,2
1978.34,1989.00,929.01,0.219,2.97,2.130,2
1977.18,1993.00,885.40,0.453,2.95,2.233,2
1978.66,1990.00,1283.20,0.391,3.11,1.542,2
1980.74,1992.00,1370.23,0.375,3.14,1.446,2
1982.90,1988.00,1343.63,0.234,3.13,1.476,2
1985.04,2001.00,1304.52,0.281,3.12,1.522,2
1988.80,2000.00,1278.33,0.188,3.11,1.556,2
1987.21,1992.00,1157.58,0.250,3.06,1.717,2
1988.82,2002.00,1241.76,0.266,3.09,1.602,2
1992.05,2005.00,1264.84,0.094,3.10,1.575,2
1994.22,2006.00,1606.70,0.109,3.21,1.241,2
1990.66,2004.00,1522.92,0.094,3.18,1.307,2
1984.71,1992.00,1368.75,0.031,3.14,1.450,2
1984.46,1993.00,1465.86,0.109,3.17,1.354,2
1980.59,1991.00,1451.98,0.078,3.16,1.364,2
1978.21,1990.00,1311.98,0.094,3.12,1.508,2
1978.01,1992.00,1411.07,0.125,3.15,1.402,2
1977.40,1989.00,1438.93,0.078,3.16,1.374,2
1974.19,1988.00,1391.82,0.109,3.14,1.418,2
1972.89,1987.00,1502.17,0.125,3.18,1.313,2
1973.33,1986.00,1360.79,0.078,3.13,1.450,2
1973.44,1987.00,1469.59,0.109,3.17,1.343,2
1972.40,1986.00,1461.74,0.062,3.16,1.349,2
1971.38,1978.00,1348.98,0.078,3.13,1.461,2
1974.33,1986.00,1449.02,0.109,3.16,1.363,2
1973.00,1985.00,1448.01,0.109,3.16,1.363,2
1971.77,1975.00,1308.40,0.094,3.12,1.507,2
1974.58,1987.00,1447.32,0.094,3.16,1.364,2
1974.60,1986.00,1421.07,0.109,3.15,1.390,2
1975.93,1989.00,1376.91,0.047,3.14,1.435,2
1978.77,1988.00,1416.13,0.062,3.15,1.397,2
1981.74,1989.00,1317.08,0.031,3.12,1.505,2
1984.04,2000.00,1408.23,0.047,3.15,1.409,2
1984.18,1990.00,1426.63,0.078,3.15,1.391,2
1984.66,1991.00,1282.31,0.109,3.11,1.548,2
1984.60,1990.00,1422.79,0.047,3.15,1.395,2
1980.76,1991.00,1243.81,0.141,3.09,1.592,2
1977.10,1987.00,751.03,0.172,2.88,2.633,2
1977.84,1989.00,909.00,0.203,2.96,2.176,2
1975.39,1985.00,1049.10,0.203,3.02,1.883,2
1974.38,1988.00,972.84,0.156,2.99,2.029,2
1973.25,1987.00,1141.58,0.031,3.06,1.729,2
1975.10,1987.00,1297.86,0.078,3.11,1.522,2
1973.47,1986.00,1032.32,0.156,3.01,1.912,2
1974.14,1986.00,1100.82,0.094,3.04,1.793,2
1975.07,1989.00,915.59,0.172,2.96,2.157,2
1974.10,1984.00,941.10,0.047,2.97,2.098,2
1973.97,1987.00,631.95,0.156,2.80,3.124,2
1973.50,1984.00,712.66,0.281,2.85,2.769,2
1978.43,1988.00,737.31,0.141,2.87,2.683,2
1978.80,1991.00,620.80,0.266,2.79,3.188,2
1976.60,1988.00,612.38,0.156,2.79,3.228,2
1977.16,1989.00,664.18,0.250,2.82,2.977,2
1978.60,1988.00,730.09,0.172,2.86,2.710,2
1977.85,1989.00,607.47,0.172,2.78,3.256,2
1976.75,1988.00,661.73,0.172,2.82,2.987,2
1978.10,1989.00,637.94,0.109,2.80,3.101,2
1979.15,1989.00,698.39,0.234,2.84,2.834,2
1977.26,1989.00,647.40,0.219,2.81,3.054,2
1978.38,1987.00,617.19,0.250,2.79,3.205,2
1979.33,1991.00,817.76,0.078,2.91,2.420,2
1976.43,1991.00,678.81,0.203,2.83,2.912,2
1977.98,1989.00,703.57,0.156,2.85,2.811,2
1978.37,1988.00,744.42,0.203,2.87,2.658,2
1979.15,1989.00,843.78,0.219,2.93,2.346,2
1977.01,1989.00,859.89,0.438,2.93,2.299,2
1977.24,1993.00,983.85,0.375,2.99,2.010,2
1978.62,1988.00,1089.63,0.422,3.04,1.816,2
1982.07,2000.00,1350.46,0.484,3.13,1.468,2
1985.26,1993.00,1143.13,0.359,3.06,1.737,2
1986.80,2003.00,1079.99,0.203,3.03,1.840,2
1990.02,2003.00,927.11,0.281,2.97,2.146,2
1990.63,2002.00,887.14,0.219,2.95,2.244,2
1992.02,2004.00,1514.01,0.047,3.18,1.316,2
1991.88,2006.00,1526.91,0.094,3.18,1.305,2
1986.29,1992.00,1510.97,0.078,3.18,1.315,2
1978.97,1988.00,1341.71,0.094,3.13,1.475,2
1977.65,1988.00,1478.71,0.125,3.17,1.337,2
1977.55,1991.00,1458.32,0.078,3.16,1.356,2
1975.55,1987.00,1373.74,0.094,3.14,1.438,2
1974.58,1986.00,1472.15,0.125,3.17,1.341,2
1975.18,1988.00,1425.12,0.078,3.15,1.386,2
1974.16,1986.00,1382.46,0.109,3.14,1.428,2
1972.88,1987.00,1475.41,0.125,3.17,1.337,2
1971.75,1985.00,1351.56,0.078,3.13,1.459,2
1973.08,1986.00,1418.21,0.141,3.15,1.391,2
1973.08,1986.00,1487.49,0.094,3.17,1.326,2
1972.00,1987.00,1367.15,0.078,3.14,1.442,2
1974.04,1987.00,1498.55,0.109,3.18,1.317,2
1975.24,1989.00,1469.00,0.078,3.17,1.345,2
1975.07,1987.00,1332.99,0.109,3.12,1.482,2
1978.62,1988.00,1443.42,0.078,3.16,1.371,2
1980.74,1990.00,1313.20,0.047,3.12,1.508,2
1982.98,1992.00,1468.72,0.047,3.17,1.350,2
1984.12,1992.00,1384.03,0.047,3.14,1.434,2
1983.43,1992.00,1346.92,0.047,3.13,1.473,2
1986.27,1991.00,1476.50,0.062,3.17,1.345,2
1982.77,1992.00,1296.50,0.047,3.11,1.529,2
1981.23,1993.00,1410.25,0.047,3.15,1.405,2
1981.52,1992.00,1459.42,0.062,3.16,1.358,2
1981.80,1988.00,1453.53,0.078,3.16,1.363,2
1977.32,1986.00,1224.72,0.062,3.09,1.615,2
1978.62,1989.00,845.96,0.031,2.93,2.339,2
1977.19,1989.00,707.50,0.078,2.85,2.795,2
1976.54,1989.00,604.39,0.297,2.78,3.270,2
1974.58,1985.00,708.82,0.062,2.85,2.786,2
1975.24,1988.00,706.69,0.141,2.85,2.795,2
1976.22,1988.00,1211.33,0.047,3.08,1.631,2
1974.66,1985.00,788.09,0.188,2.90,2.506,2
1973.72,1985.00,1065.62,0.062,3.03,1.852,2
1974.21,1986.00,831.58,0.062,2.92,2.374,2
1973.88,1987.00,843.32,0.125,2.93,2.341,2
1973.61,1985.00,640.33,0.188,2.81,3.082,2
1976.88,1988.00,628.83,0.172,2.80,3.144,2
1977.25,1989.00,641.50,0.188,2.81,3.082,2
1979.52,1989.00,558.77,0.188,2.75,3.543,2
1979.59,1989.00,703.88,0.062,2.85,2.812,2
1977.86,1989.00,555.95,0.125,2.75,3.558,2
1978.04,1989.00,499.05,0.156,2.70,3.964,2
1980.40,1989.00,758.30,0.016,2.88,2.612,2
1977.88,1990.00,1212.84,0.141,3.08,1.631,2
1978.27,1988.00,1419.94,0.094,3.15,1.393,2
1977.93,1988.00,1574.00,0.094,3.20,1.257,2
1978.16,1991.00,1111.92,0.078,3.05,1.779,2
1976.83,1988.00,1021.01,0.172,3.01,1.936,2
1978.33,1988.00,1214.88,0.188,3.08,1.628,2
1979.08,1989.00,1059.26,0.203,3.03,1.868,2
1978.77,1989.00,1273.42,0.266,3.10,1.554,2
1979.29,1990.00,1349.21,0.547,3.13,1.467,2
1979.19,1989.00,1274.53,0.672,3.11,1.553,2
1981.34,1991.00,1386.52,0.594,3.14,1.429,2
1986.80,1993.00,1305.86,0.422,3.12,1.521,2
1988.80,2001.00,932.88,0.312,2.97,2.132,2
1991.43,2004.00,1057.20,0.203,3.02,1.884,2
1993.69,2004.00,662.38,0.156,2.82,3.010,2
1989.91,2004.00,1340.27,0.078,3.13,1.485,2
1988.28,2000.00,1536.73,0.125,3.19,1.294,2
1985.72,2000.00,1367.36,0.109,3.14,1.452,2
1980.27,2000.00,1483.34,0.109,3.17,1.335,2
1977.07,1990.00,1399.23,0.109,3.15,1.413,2
1976.94,1989.00,1420.62,0.109,3.15,1.392,2
1976.38,1987.00,1418.64,0.109,3.15,1.393,2
1974.38,1988.00,1336.87,0.125,3.13,1.477,2
1972.68,1984.00,1477.55,0.094,3.17,1.335,2
1973.52,1984.00,1371.47,0.078,3.14,1.439,2
1973.64,1986.00,1465.36,0.109,3.17,1.347,2
1973.19,1984.00,1328.25,0.094,3.12,1.486,2
1973.88,1987.00,1467.51,0.109,3.17,1.345,2
1973.97,1987.00,1374.30,0.109,3.14,1.436,2
1973.71,1987.00,1383.91,0.109,3.14,1.426,2
1974.94,1985.00,1466.24,0.094,3.17,1.347,2
1977.18,1988.00,1345.26,0.094,3.13,1.470,2
1978.24,1991.00,1456.45,0.094,3.16,1.358,2
1975.86,1986.00,1329.39,0.062,3.12,1.486,2
1977.43,1988.00,1420.34,0.094,3.15,1.392,2
1979.62,1988.00,1309.50,0.031,3.12,1.512,2
1979.79,1990.00,1313.54,0.078,3.12,1.507,2
1979.46,1990.00,1042.88,0.062,3.02,1.898,2
1983.68,1993.00,1283.16,0.047,3.11,1.546,2
1985.58,1991.00,1297.42,0.078,3.11,1.530,2
1984.27,1991.00,1181.49,0.078,3.07,1.679,2
1982.35,1991.00,1263.73,0.078,3.10,1.569,2
1983.85,1991.00,809.50,0.234,2.91,2.451,2
1981.74,1992.00,607.92,0.125,2.78,3.260,2
1978.87,1988.00,537.01,0.219,2.73,3.685,2
1977.55,1988.00,614.27,0.125,2.79,3.219,2
1977.44,1986.00,597.64,0.109,2.78,3.309,2
1976.02,1988.00,623.46,0.047,2.79,3.169,2
1976.04,1987.00,630.21,0.219,2.80,3.136,2
1976.29,1989.00,577.36,0.250,2.76,3.423,2
1975.60,1989.00,598.48,0.125,2.78,3.301,2
1975.00,1987.00,609.59,0.078,2.79,3.240,2
1977.84,1989.00,484.68,0.125,2.69,4.081,2
1978.82,1989.00,643.87,0.062,2.81,3.073,2
1981.34,1990.00,626.34,0.078,2.80,3.163,2
1977.85,1988.00,577.46,0.125,2.76,3.425,2
1977.01,1988.00,558.71,0.219,2.75,3.539,2
1977.21,1989.00,696.97,0.078,2.84,2.837,2
1976.16,1988.00,557.70,0.125,2.75,3.543,2
1976.35,1987.00,633.60,0.188,2.80,3.119,2
1978.46,1991.00,519.69,0.281,2.72,3.807,2
1976.96,1987.00,611.43,0.141,2.79,3.233,2
1975.82,2000.00,545.18,0.188,2.74,3.624,2
1977.66,1988.00,524.90,0.125,2.72,3.768,2
1978.71,1989.00,639.03,0.062,2.81,3.096,2
1979.63,1988.00,605.56,0.094,2.78,3.269,2
1977.79,1989.00,582.29,0.188,2.77,3.397,2
1972.16,1986.00,1656.97,0.000,3.22,1.190,2
1955.42,1971.00,981.37,0.094,2.99,1.993,2
1961.43,1976.00,611.72,0.234,2.79,3.206,2
1970.02,1975.00,685.97,0.484,2.84,2.872,2
1971.24,1986.00,1026.75,0.312,3.01,1.920,2
1972.43,1984.00,1603.35,0.078,3.21,1.230,2
1974.26,1986.00,1159.48,0.141,3.06,1.703,2
1972.64,1985.00,1010.73,0.125,3.00,1.952,2
1973.78,1986.00,1281.09,0.375,3.11,1.541,2
1973.75,1984.00,1482.60,0.297,3.17,1.331,2
1975.02,1989.00,1424.98,0.328,3.15,1.386,2
1977.97,1989.00,1414.92,0.359,3.15,1.398,2
1980.93,1990.00,1475.71,0.109,3.17,1.342,2
1991.41,2002.00,1615.64,0.062,3.21,1.233,2
2003.38,2008.00,1447.76,0.203,3.16,1.384,2
2004.08,2009.00,1352.86,0.141,3.13,1.481,2
1995.79,2007.00,1541.16,0.062,3.19,1.295,2
1989.35,2003.00,1477.35,0.078,3.17,1.347,2
1988.14,1995.00,1550.39,0.094,3.19,1.282,2
1984.88,1992.00,1565.67,0.078,3.19,1.268,2
1982.80,1990.00,1434.23,0.031,3.16,1.382,2
1983.88,2001.00,1573.61,0.094,3.20,1.261,2
1980.13,1992.00,1576.33,0.047,3.20,1.256,2
1975.52,1989.00,1459.32,0.031,3.16,1.354,2
1975.47,1988.00,1576.00,0.047,3.20,1.253,2
1974.80,1986.00,1544.58,0.047,3.19,1.279,2
1973.66,1985.00,1485.25,0.047,3.17,1.329,2
1973.83,1989.00,1563.58,0.062,3.19,1.262,2
1975.99,1990.00,1449.47,0.031,3.16,1.363,2
1976.32,1988.00,1561.40,0.047,3.19,1.266,2
1975.02,1988.00,1465.09,0.047,3.17,1.348,2
1975.60,1989.00,1514.98,0.047,3.18,1.304,2
1976.19,1987.00,1542.97,0.047,3.19,1.281,2
1976.16,1987.00,1483.29,0.047,3.17,1.332,2
1974.10,1987.00,1567.31,0.062,3.20,1.260,2
1975.21,1986.00,1462.77,0.031,3.17,1.350,2
1975.36,1988.00,1579.45,0.062,3.20,1.251,2
1975.47,1988.00,1519.30,0.047,3.18,1.300,2
1976.18,1988.00,1464.14,0.047,3.17,1.350,2
1977.98,1989.00,1563.75,0.062,3.19,1.265,2
1976.05,1987.00,1441.86,0.047,3.16,1.370,2
1975.40,1988.00,1470.84,0.078,3.17,1.343,2
1973.78,1985.00,1520.62,0.109,3.18,1.298,2
1974.41,1987.00,1422.55,0.062,3.15,1.388,2
1973.68,1987.00,1520.58,0.109,3.18,1.298,2
1973.65,1991.00,1512.28,0.094,3.18,1.305,2
1976.29,1987.00,1431.40,0.125,3.16,1.381,2
1978.60,1992.00,1492.29,0.188,3.17,1.326,2
1978.76,1988.00,1431.04,0.141,3.16,1.383,2
1981.24,1992.00,1502.60,0.141,3.18,1.319,2
1983.57,2002.00,1549.03,0.125,3.19,1.281,2
1980.73,1992.00,1404.78,0.094,3.15,1.410,2
1980.77,1990.00,1496.58,0.156,3.18,1.324,2
1981.42,1992.00,1504.61,0.078,3.18,1.317,2
1982.24,1990.00,1369.04,0.141,3.14,1.448,2
1981.52,1993.00,1500.50,0.094,3.18,1.321,2
1980.73,1988.00,1371.05,0.078,3.14,1.445,2
1981.46,1991.00,1473.29,0.203,3.17,1.345,2
1980.23,1993.00,1339.02,0.109,3.13,1.479,2
1978.70,1992.00,1483.81,0.078,3.17,1.334,2
1978.06,1990.00,1360.32,0.047,3.13,1.454,2
1980.34,1990.00,1517.84,0.047,3.18,1.305,2
1977.96,1992.00,1436.63,0.078,3.16,1.377,2
1976.28,1987.00,1263.54,0.062,3.10,1.564,2
1977.72,1988.00,1543.18,0.078,3.19,1.282,2
1974.28,1987.00,1042.32,0.094,3.02,1.894,2
1976.27,1989.00,768.50,0.188,2.89,2.572,2
1978.72,1989.00,1151.32,0.266,3.06,1.719,2
1978.74,1991.00,1317.19,0.422,3.12,1.502,2
1977.80,1987.00,1428.48,0.438,3.15,1.385,2
1979.57,1990.00,1263.23,0.453,3.10,1.567,2
1982.65,1992.00,1435.84,0.359,3.16,1.381,2
1983.90,1993.00,1411.69,0.438,3.15,1.405,2
1985.63,1992.00,1331.73,0.297,3.12,1.491,2
1988.66,2000.00,1332.27,0.234,3.12,1.493,2
1988.96,2001.00,1305.07,0.125,3.12,1.524,2
1988.77,2002.00,1528.55,0.125,3.18,1.301,2
1990.91,2002.00,1600.30,0.109,3.20,1.244,2
1989.47,2004.00,1587.36,0.125,3.20,1.253,2
1984.16,2000.00,1477.64,0.078,3.17,1.343,2
1980.43,1991.00,1533.11,0.109,3.19,1.292,2
1978.63,1990.00,1584.81,0.125,3.20,1.248,2
1975.93,1990.00,1443.91,0.062,3.16,1.368,2
1973.99,1987.00,1539.03,0.109,3.19,1.283,2
1974.18,1987.00,1563.47,0.094,3.19,1.263,2
1975.72,1988.00,1456.89,0.078,3.16,1.356,2
1975.07,1987.00,1563.78,0.125,3.19,1.263,2
1972.43,1986.00,1504.01,0.078,3.18,1.311,2
1977.07,1989.00,1503.02,0.109,3.18,1.315,2
1976.54,1988.00,1547.64,0.125,3.19,1.277,2
1974.36,1986.00,1427.81,0.062,3.15,1.383,2
1975.40,1989.00,1553.19,0.109,3.19,1.272,2
1975.46,1988.00,1544.39,0.094,3.19,1.279,2
1973.30,1984.00,1480.49,0.078,3.17,1.333,2
1973.52,1986.00,1574.62,0.125,3.20,1.253,2
1973.40,1986.00,1491.32,0.078,3.17,1.323,2
1974.89,1986.00,1464.91,0.109,3.17,1.348,2
1974.90,1987.00,1520.84,0.125,3.18,1.299,2
1973.97,1986.00,1439.26,0.094,3.16,1.372,2
1976.10,1989.00,1497.30,0.156,3.18,1.320,2
1975.27,1990.00,1528.46,0.109,3.18,1.292,2
1973.86,1986.00,1461.82,0.109,3.16,1.350,2
1976.52,1989.00,346.58,0.000,2.54,5.703,2
1978.98,1989.00,322.55,0.000,2.51,6.135,2
1978.19,1991.00,442.94,0.125,2.65,4.466,2
1976.58,1987.00,556.13,0.125,2.75,3.554,2
1980.01,1989.00,1150.81,0.031,3.06,1.721,2
1979.44,1990.00,401.85,0.203,2.60,4.926,2
1977.76,1988.00,501.90,0.203,2.70,3.941,2
1977.57,1988.00,768.74,0.156,2.89,2.572,2
1980.09,1992.00,905.23,0.375,2.96,2.187,2
1979.93,1988.00,1080.33,0.281,3.03,1.833,2
1979.60,1992.00,1373.27,0.344,3.14,1.442,2
1983.19,1991.00,1271.28,0.562,3.10,1.560,2
1988.45,1993.00,1248.01,0.281,3.10,1.593,2
1990.44,2002.00,1399.41,0.234,3.15,1.422,2
1990.22,2003.00,1258.60,0.125,3.10,1.581,2
1997.04,2007.00,1616.68,0.078,3.21,1.235,2
2001.52,2007.00,1607.62,0.172,3.21,1.245,2
1996.20,2006.00,1586.48,0.078,3.20,1.258,2
1987.43,2003.00,1453.32,0.094,3.16,1.368,2
1981.13,1989.00,1558.05,0.125,3.19,1.272,2
1975.63,1987.00,1518.33,0.078,3.18,1.301,2
1972.86,1985.00,1433.80,0.109,3.16,1.376,2
1971.94,1985.00,1550.19,0.125,3.19,1.272,2
1972.52,1989.00,1421.34,0.062,3.15,1.388,2
1970.93,1987.00,1554.99,0.109,3.19,1.267,2
1969.97,1976.00,1493.93,0.078,3.17,1.319,2
1973.33,1985.00,1449.11,0.109,3.16,1.362,2
1972.92,1986.00,1512.68,0.109,3.18,1.304,2
1972.66,1987.00,1393.95,0.062,3.14,1.415,2
1976.29,1990.00,1506.01,0.062,3.18,1.312,2
1976.59,1990.00,1485.10,0.078,3.17,1.331,2
1975.40,1988.00,1420.71,0.109,3.15,1.390,2
1975.32,1989.00,1547.68,0.125,3.19,1.276,2
1973.58,1986.00,1399.64,0.078,3.15,1.410,2
1973.54,1987.00,1525.71,0.109,3.18,1.294,2
1972.68,1987.00,1525.01,0.094,3.18,1.294,2
1973.80,1987.00,1437.99,0.094,3.16,1.373,2
1978.49,1988.00,1479.06,0.062,3.17,1.338,2
1978.40,1988.00,1369.24,0.031,3.14,1.445,2
1980.93,1992.00,1452.29,0.047,3.16,1.364,2
1980.34,1988.00,1390.38,0.047,3.14,1.424,2
1983.29,1992.00,1437.78,0.078,3.16,1.379,2
1979.99,1989.00,1431.61,0.047,3.16,1.383,2
1978.57,1991.00,1474.99,0.047,3.17,1.341,2
1978.48,1989.00,1532.30,0.062,3.19,1.291,2
1977.73,1988.00,1412.37,0.047,3.15,1.400,2
1975.86,1989.00,1217.60,0.047,3.09,1.623,2
1975.90,1989.00,938.59,0.078,2.97,2.105,2
1978.83,1990.00,1113.34,0.016,3.05,1.777,2
1975.41,1989.00,984.31,0.016,2.99,2.007,2
1974.56,1985.00,483.59,0.125,2.68,4.083,2
1975.10,1985.00,436.41,0.125,2.64,4.526,2
1977.44,1988.00,753.20,0.000,2.88,2.625,2
1975.11,1989.00,594.95,0.031,2.77,3.320,2
1975.07,1986.00,185.44,0.344,2.27,10.651,2
1977.23,1988.00,548.03,0.000,2.74,3.608,2
1975.33,1987.00,421.22,0.000,2.62,4.690,2
1974.64,1985.00,377.53,0.000,2.58,5.230,2
1974.86,1986.00,418.84,0.000,2.62,4.715,2
1977.19,1989.00,359.04,0.000,2.56,5.507,2
1982.43,1991.00,559.52,0.078,2.75,3.543,2
1978.89,1992.00,365.86,0.109,2.56,5.409,2
1976.56,1990.00,546.64,0.000,2.74,3.616,2
1979.51,1990.00,322.86,0.250,2.51,6.131,2
1980.05,1991.00,520.61,0.188,2.72,3.803,2
1977.91,1989.00,865.59,0.344,2.94,2.285,2
1976.07,1988.00,809.84,0.484,2.91,2.440,2
1979.55,1990.00,1023.79,0.500,3.01,1.934,2
1979.44,1990.00,1267.39,0.422,3.10,1.562,2
1981.18,1991.00,1370.48,0.188,3.14,1.446,2
1986.85,2001.00,1051.63,0.234,3.02,1.889,2
1991.10,2002.00,1294.85,0.203,3.11,1.538,2
1993.45,2005.00,1232.78,0.125,3.09,1.617,2
1997.13,2005.00,1542.74,0.125,3.19,1.295,2
1999.34,2008.00,1456.36,0.141,3.16,1.373,2
1994.69,2004.00,1540.93,0.125,3.19,1.294,2
1986.08,2001.00,1561.41,0.094,3.19,1.272,2
1977.68,1989.00,1464.84,0.094,3.17,1.350,2
1977.87,1989.00,1545.51,0.125,3.19,1.280,2
1974.54,1987.00,1509.76,0.078,3.18,1.308,2
1972.63,1986.00,1440.05,0.094,3.16,1.370,2
1973.47,1987.00,1538.03,0.125,3.19,1.283,2
1973.41,1985.00,1419.17,0.078,3.15,1.391,2
1972.38,1987.00,1514.42,0.109,3.18,1.302,2
1971.21,1984.00,1514.20,0.078,3.18,1.302,2
1973.24,1987.00,1384.69,0.094,3.14,1.425,2
1974.43,1986.00,1495.57,0.062,3.17,1.320,2
1972.66,1987.00,1437.31,0.047,3.16,1.372,2
1974.68,1987.00,1449.53,0.047,3.16,1.362,2
1978.52,1987.00,1495.79,0.062,3.17,1.323,2
1977.07,1988.00,1435.65,0.047,3.16,1.377,2
1976.13,1988.00,1463.08,0.047,3.17,1.351,2
1977.12,1989.00,1504.94,0.062,3.18,1.314,2
1977.01,1988.00,1432.08,0.078,3.16,1.381,2
1974.94,1990.00,1431.38,0.109,3.16,1.380,2
1974.97,1988.00,1517.66,0.109,3.18,1.301,2
1974.43,1989.00,1376.15,0.109,3.14,1.435,2
1975.52,1989.00,1479.40,0.109,3.17,1.335,2
1972.64,1985.00,1521.62,0.094,3.18,1.296,2
1973.39,1988.00,1372.87,0.094,3.14,1.437,2
1974.32,1986.00,1481.10,0.094,3.17,1.333,2
1975.18,1987.00,1496.14,0.047,3.17,1.320,2
1976.93,1990.00,1413.05,0.031,3.15,1.399,2
1981.68,1989.00,1490.51,0.062,3.17,1.330,2
1983.49,1990.00,1410.45,0.047,3.15,1.406,2
1981.12,1991.00,1503.79,0.047,3.18,1.317,2
1980.18,1990.00,1536.74,0.047,3.19,1.289,2
1982.71,1990.00,1407.39,0.047,3.15,1.409,2
1980.46,1990.00,1552.19,0.047,3.19,1.276,2
1978.54,1988.00,1490.77,0.062,3.17,1.327,2
1976.22,1988.00,1220.68,0.047,3.09,1.619,2
1978.41,1987.00,792.88,0.062,2.90,2.495,2
1976.02,1988.00,942.90,0.109,2.97,2.096,2
1975.44,1990.00,856.95,0.062,2.93,2.305,2
1975.82,1987.00,1011.82,0.094,3.01,1.953,2
1975.69,1987.00,477.74,0.094,2.68,4.135,2
1974.16,1978.00,423.46,0.000,2.63,4.662,2
1975.88,1988.00,433.32,0.000,2.64,4.560,2
1976.78,1986.00,476.86,0.000,2.68,4.145,2
1975.89,1987.00,403.64,0.000,2.61,4.895,2
1975.33,1987.00,380.78,0.000,2.58,5.188,2
1976.69,1988.00,385.74,0.000,2.59,5.124,2
1976.11,1989.00,381.16,0.000,2.58,5.185,2
1975.35,1986.00,383.11,0.000,2.58,5.156,2
1975.66,1988.00,395.86,0.000,2.60,4.991,2
1978.66,1988.00,369.58,0.000,2.57,5.354,2
1977.59,1988.00,362.95,0.000,2.56,5.449,2
1976.74,1988.00,392.73,0.000,2.59,5.033,2
1978.29,1989.00,402.31,0.000,2.60,4.917,2
1979.87,1991.00,369.87,0.000,2.57,5.353,2
1979.96,1989.00,409.56,0.000,2.61,4.834,2
1978.49,1988.00,389.07,0.000,2.59,5.085,2
1982.74,1990.00,372.96,0.000,2.57,5.316,2
1976.27,1988.00,991.95,0.141,3.00,1.992,2
1979.02,1989.00,998.42,0.469,3.00,1.982,2
1980.10,1989.00,1325.09,0.344,3.12,1.494,2
1977.96,1990.00,1408.49,0.312,3.15,1.404,2
1984.63,1991.00,1290.46,0.344,3.11,1.538,2
1989.13,1993.00,1116.11,0.297,3.05,1.782,2
1990.61,2004.00,1390.94,0.094,3.14,1.431,2
1994.76,2005.00,1026.05,0.203,3.01,1.944,2
2005.83,2017.00,1327.93,0.094,3.12,1.510,2
2006.61,2018.00,1553.57,0.188,3.19,1.292,2
1999.43,2008.00,1481.85,0.125,3.17,1.349,2
1991.56,2004.00,1453.98,0.172,3.16,1.370,2
1982.90,1992.00,1526.48,0.094,3.18,1.299,2
1975.74,1988.00,1412.57,0.078,3.15,1.399,2
1971.49,1986.00,1498.73,0.125,3.18,1.315,2
1970.35,1980.00,1384.80,0.062,3.14,1.423,2
1970.96,1976.00,1469.70,0.109,3.17,1.341,2
1967.94,1976.00,1408.36,0.109,3.15,1.397,2
1968.27,1975.00,1412.81,0.109,3.15,1.393,2
1970.44,1976.00,1452.81,0.078,3.16,1.356,2
1971.41,1985.00,1372.28,0.094,3.14,1.437,2
1972.21,1985.00,1519.30,0.094,3.18,1.298,2
1972.96,1988.00,1416.80,0.078,3.15,1.393,2
1975.79,1988.00,1557.73,0.062,3.19,1.268,2
1977.34,1988.00,1463.60,0.047,3.17,1.351,2
1976.96,1987.00,1444.38,0.078,3.16,1.369,2
1978.32,1987.00,1498.33,0.109,3.18,1.320,2
1978.07,1989.00,1355.78,0.062,3.13,1.459,2
1978.84,1992.00,1471.60,0.109,3.17,1.345,2
1977.98,1988.00,1342.15,0.141,3.13,1.474,2
1980.20,1989.00,1433.39,0.109,3.16,1.381,2
1977.65,1987.00,1412.47,0.109,3.15,1.400,2
1976.68,1987.00,1345.91,0.125,3.13,1.469,2
1977.94,1988.00,1475.07,0.156,3.17,1.341,2
1977.41,1988.00,1374.70,0.062,3.14,1.438,2
1974.90,1987.00,1465.61,0.125,3.17,1.347,2
1972.94,1987.00,1417.65,0.141,3.15,1.392,2
1973.33,1987.00,1359.35,0.109,3.13,1.452,2
1973.36,1985.00,1452.03,0.172,3.16,1.359,2
1972.74,1986.00,1365.89,0.125,3.14,1.444,2
1974.18,1988.00,1536.15,0.172,3.19,1.285,2
1974.63,1988.00,1458.94,0.078,3.16,1.353,2
1974.21,1988.00,1378.98,0.109,3.14,1.432,2
1975.62,1988.00,1456.11,0.125,3.16,1.357,2
1978.24,1990.00,1337.35,0.109,3.13,1.479,2
1980.65,1992.00,1434.93,0.109,3.16,1.380,2
1980.07,1992.00,1426.25,0.141,3.15,1.388,2
1980.15,1988.00,1313.45,0.078,3.12,1.508,2
1982.69,1989.00,1410.78,0.094,3.15,1.405,2
1981.09,1992.00,1304.34,0.078,3.12,1.519,2
1980.21,1990.00,1426.61,0.078,3.15,1.388,2
1980.01,1991.00,1366.31,0.047,3.14,1.449,2
1982.80,1991.00,1440.56,0.047,3.16,1.376,2
1980.71,1991.00,1474.51,0.047,3.17,1.343,2
1980.85,1990.00,1345.92,0.047,3.13,1.472,2
1982.34,1991.00,1444.80,0.047,3.16,1.372,2
1982.32,1992.00,1408.57,0.047,3.15,1.407,2
1981.65,1990.00,1228.13,0.047,3.09,1.614,2
1986.49,1992.00,1235.41,0.406,3.09,1.608,2
1987.83,2001.00,1067.07,0.422,3.03,1.863,2
1987.96,2000.00,1186.10,0.219,3.07,1.676,2
1989.08,1993.00,1325.96,0.109,3.12,1.500,2
1995.35,2006.00,1570.93,0.094,3.20,1.270,2
1998.19,2007.00,1512.65,0.141,3.18,1.321,2
1992.87,2004.00,1513.10,0.172,3.18,1.317,2
1987.26,2002.00,1588.89,0.156,3.20,1.251,2
1981.05,1989.00,1430.52,0.078,3.16,1.385,2
1976.36,1988.00,1520.12,0.109,3.18,1.300,2
1973.47,1984.00,1530.80,0.094,3.18,1.289,2
1974.07,1986.00,1443.62,0.078,3.16,1.367,2
1974.63,1988.00,1567.17,0.125,3.20,1.260,2
1971.78,1978.00,1433.38,0.078,3.16,1.376,2
1972.82,1986.00,1495.75,0.109,3.17,1.319,2
1974.33,1986.00,1513.57,0.094,3.18,1.304,2
1973.41,1986.00,1452.22,0.078,3.16,1.359,2
1973.30,1978.00,1501.82,0.125,3.18,1.314,2
1975.35,1988.00,1449.04,0.078,3.16,1.363,2
1975.03,1989.00,1484.53,0.109,3.17,1.330,2
1973.88,1987.00,1508.95,0.094,3.18,1.308,2
1973.67,1986.00,1395.60,0.109,3.14,1.414,2
1975.52,1987.00,1474.78,0.188,3.17,1.340,2
1975.29,1989.00,1335.24,0.109,3.13,1.479,2
1975.99,1989.00,1496.05,0.234,3.17,1.321,2
1975.36,1988.00,1442.78,0.141,3.16,1.369,2
1975.27,1986.00,1441.10,0.188,3.16,1.371,2
1975.32,1988.00,1492.29,0.141,3.17,1.324,2
1975.49,1988.00,1392.43,0.062,3.14,1.419,2
1978.46,1988.00,1512.24,0.078,3.18,1.308,2
1980.38,1991.00,1445.03,0.047,3.16,1.370,2
1979.52,1989.00,1375.48,0.031,3.14,1.439,2
1982.52,1992.00,1484.13,0.062,3.17,1.336,2
1981.98,1992.00,1473.66,0.047,3.17,1.345,2
1979.60,1992.00,1367.95,0.141,3.14,1.447,2
1980.43,1989.00,1406.02,0.125,3.15,1.409,2
1978.65,1992.00,1347.51,0.047,3.13,1.468,2
1980.87,1991.00,1402.02,0.109,3.15,1.413,2
1978.43,1989.00,1462.01,0.047,3.16,1.353,2
1977.88,1987.00,1339.64,0.062,3.13,1.476,2
1979.91,1988.00,1440.71,0.094,3.16,1.374,2
1978.10,1988.00,1362.26,0.047,3.13,1.452,2
1978.43,1988.00,1382.14,0.047,3.14,1.431,2
1977.88,1989.00,1380.86,0.047,3.14,1.432,2
1980.95,1992.00,1228.44,0.047,3.09,1.613,2
1981.34,1989.00,1377.48,0.062,3.14,1.438,2
1980.68,1988.00,1175.93,0.094,3.07,1.684,2
1983.79,1991.00,1331.11,0.078,3.12,1.490,2
1982.55,1991.00,1188.66,0.094,3.08,1.668,2
1980.54,1992.00,1336.10,0.078,3.13,1.482,2
1981.06,1991.00,1195.06,0.031,3.08,1.658,2
1983.52,1990.00,1366.47,0.109,3.14,1.452,2
1980.04,1991.00,1228.34,0.062,3.09,1.612,2
1979.84,1989.00,1443.08,0.094,3.16,1.372,2
1980.20,1989.00,1272.67,0.047,3.10,1.556,2
1983.80,1991.00,1099.72,0.406,3.04,1.804,2
1981.43,1991.00,1154.38,0.484,3.06,1.716,2
1983.36,1990.00,1365.74,0.469,3.14,1.452,2
1984.04,1993.00,1441.15,0.375,3.16,1.377,2
1983.27,1990.00,1306.34,0.406,3.12,1.518,2
1983.09,1992.00,1384.64,0.453,3.14,1.432,2
1985.16,1991.00,1356.54,0.391,3.13,1.463,2
1987.24,1992.00,1185.52,0.359,3.07,1.676,2
1990.11,2002.00,1274.29,0.172,3.11,1.562,2
1993.15,2007.00,1217.36,0.109,3.09,1.637,2
1999.34,2009.00,1563.53,0.156,3.19,1.279,2
1998.68,2008.00,1586.01,0.109,3.20,1.260,2
1991.24,2003.00,1489.82,0.156,3.17,1.337,2
1984.99,2000.00,1534.10,0.156,3.19,1.294,2
1982.54,1992.00,1435.95,0.141,3.16,1.381,2
1979.69,1988.00,1564.38,0.109,3.19,1.265,2
1976.54,1989.00,1503.58,0.078,3.18,1.315,2
1977.05,1988.00,1500.89,0.109,3.18,1.317,2
1978.48,1990.00,1540.17,0.094,3.19,1.285,2
1976.63,1987.00,1435.13,0.094,3.16,1.377,2
1975.13,1987.00,1528.03,0.125,3.18,1.293,2
1975.85,1987.00,1432.04,0.062,3.16,1.380,2
1975.57,1988.00,1521.61,0.109,3.18,1.298,2
1974.46,1987.00,1446.52,0.078,3.16,1.365,2
1974.65,1988.00,1424.74,0.109,3.15,1.386,2
1975.25,1987.00,1505.95,0.094,3.18,1.312,2
1974.55,1988.00,1440.75,0.078,3.16,1.371,2
1973.89,1986.00,1544.82,0.125,3.19,1.278,2
1974.02,1988.00,1416.10,0.078,3.15,1.394,2
1974.27,1986.00,1529.90,0.109,3.18,1.290,2
1972.52,1976.00,1486.15,0.078,3.17,1.327,2
1972.00,1985.00,1450.73,0.109,3.16,1.359,2
1973.33,1985.00,1553.96,0.094,3.19,1.270,2
1973.10,1986.00,1413.87,0.078,3.15,1.396,2
1971.97,1986.00,1514.67,0.125,3.18,1.302,2
1971.99,1977.00,1411.82,0.062,3.15,1.397,2
1972.83,1978.00,1529.86,0.109,3.18,1.290,2
1971.68,1990.00,1481.50,0.047,3.17,1.331,2
1970.46,1976.00,1464.54,0.047,3.17,1.345,2
1971.04,1987.00,1549.92,0.047,3.19,1.272,2
1972.00,1986.00,1412.32,0.031,3.15,1.396,2
1972.44,1986.00,1503.44,0.062,3.18,1.312,2
1977.02,1989.00,1499.58,0.047,3.18,1.318,2
1980.29,1990.00,1404.16,0.047,3.15,1.410,2
1980.44,1989.00,1511.40,0.062,3.18,1.310,2
1980.70,1991.00,1491.90,0.047,3.17,1.328,2
1983.22,1991.00,1427.88,0.047,3.15,1.389,2
1985.26,1992.00,1517.44,0.062,3.18,1.308,2
1981.05,1989.00,1405.64,0.047,3.15,1.409,2
1980.68,1990.00,1550.87,0.047,3.19,1.277,2
1981.32,1990.00,1472.89,0.047,3.17,1.345,2
1981.60,1990.00,1456.65,0.047,3.16,1.360,2
1980.07,1991.00,1513.58,0.047,3.18,1.308,2
1980.49,1990.00,1423.63,0.031,3.15,1.391,2
1981.55,1992.00,1539.22,0.047,3.19,1.287,2
1978.55,1990.00,1428.92,0.031,3.16,1.385,2
1979.27,1988.00,1529.54,0.062,3.18,1.294,2
1979.41,1989.00,1415.14,0.031,3.15,1.399,2
1983.38,1992.00,1509.19,0.047,3.18,1.314,2
1980.31,1991.00,1402.39,0.031,3.15,1.412,2
1981.52,1993.00,1478.02,0.047,3.17,1.341,2
1981.66,1990.00,1344.14,0.031,3.13,1.474,2
1980.87,1989.00,1314.00,0.047,3.12,1.508,2
1980.40,1990.00,576.26,0.016,2.76,3.437,2
1978.66,1989.00,1045.35,0.125,3.02,1.893,2
1977.54,1989.00,1392.53,0.078,3.14,1.420,2
1978.19,1988.00,1564.83,0.016,3.19,1.264,2
1978.24,1987.00,878.56,0.109,2.94,2.252,2
1977.93,1991.00,508.03,0.312,2.71,3.893,2
1978.94,1990.00,1175.82,0.219,3.07,1.683,2
1981.08,1988.00,1014.59,0.422,3.01,1.953,2
1983.41,1990.00,1109.54,0.422,3.05,1.788,2
1984.23,1991.00,1088.68,0.375,3.04,1.823,2
1987.06,1991.00,1304.48,0.453,3.12,1.523,2
1988.97,2001.00,1309.14,0.141,3.12,1.519,2
1987.78,2001.00,1200.45,0.125,3.08,1.656,2
1987.38,2001.00,1605.14,0.109,3.21,1.238,2
1988.93,2001.00,1610.95,0.172,3.21,1.235,2
1988.55,2000.00,1537.24,0.078,3.19,1.294,2
1985.07,1992.00,1466.41,0.125,3.17,1.354,2
1982.18,1990.00,1505.54,0.125,3.18,1.317,2
1978.90,1992.00,1435.84,0.109,3.16,1.378,2
1975.96,1986.00,1480.56,0.109,3.17,1.335,2
1974.13,1986.00,1485.36,0.094,3.17,1.329,2
1971.77,1977.00,1409.81,0.062,3.15,1.399,2
1974.63,1987.00,1496.34,0.125,3.18,1.320,2
1973.10,1986.00,1448.22,0.109,3.16,1.362,2
1973.66,1990.00,1464.24,0.141,3.17,1.348,2
1974.94,1986.00,1490.67,0.094,3.17,1.325,2
1975.85,1986.00,1389.95,0.109,3.14,1.422,2
1975.33,1989.00,1503.52,0.188,3.18,1.314,2
1974.35,1988.00,1395.84,0.094,3.14,1.414,2
1977.32,1988.00,1544.05,0.141,3.19,1.281,2
1975.21,1986.00,1462.59,0.078,3.17,1.350,2
1974.28,1986.00,1469.68,0.109,3.17,1.343,2
1974.94,1989.00,1495.38,0.094,3.17,1.321,2
1976.29,1989.00,1421.13,0.094,3.15,1.391,2
1976.46,1987.00,1464.84,0.125,3.17,1.349,2
1977.68,1989.00,1363.78,0.062,3.13,1.450,2
1982.29,1991.00,1467.60,0.109,3.17,1.351,2
1981.27,1989.00,1337.21,0.047,3.13,1.482,2
1981.18,1991.00,1461.92,0.109,3.16,1.355,2
1979.91,1990.00,1333.98,0.047,3.13,1.484,2
1982.18,1990.00,1485.41,0.047,3.17,1.334,2
1980.74,1992.00,1443.75,0.047,3.16,1.372,2
1976.79,1988.00,1409.13,0.047,3.15,1.403,2
1978.52,1989.00,1383.48,0.062,3.14,1.430,2
1977.58,1988.00,814.67,0.062,2.91,2.427,2
1976.43,1988.00,966.03,0.078,2.98,2.046,2
1977.85,1987.00,949.77,0.094,2.98,2.082,2
1977.94,1992.00,1219.47,0.062,3.09,1.622,2
1978.38,1992.00,1314.63,0.031,3.12,1.505,2
1979.01,1989.00,709.30,0.078,2.85,2.790,2
1980.96,1991.00,720.11,0.000,2.86,2.751,2
1980.99,1990.00,559.99,0.000,2.75,3.538,2
1980.02,1989.00,534.02,0.000,2.73,3.708,2
1977.01,1988.00,353.08,0.031,2.55,5.599,2
1977.49,1991.00,372.15,0.000,2.57,5.314,2
1976.29,1989.00,370.55,0.000,2.57,5.333,2
1977.08,1987.00,425.86,0.000,2.63,4.643,2
1976.18,1987.00,367.46,0.000,2.57,5.378,2
1978.08,1988.00,434.70,0.000,2.64,4.550,2
1980.08,1990.00,805.44,0.422,2.91,2.458,2
1979.77,1989.00,1022.03,0.438,3.01,1.937,2
1983.01,1988.00,1269.01,0.312,3.10,1.563,2
1979.74,1988.00,1504.77,0.156,3.18,1.316,2
1978.16,1988.00,1472.59,0.078,3.17,1.343,2
1979.62,1990.00,1368.02,0.281,3.14,1.447,2
1978.69,1989.00,1374.08,0.203,3.14,1.440,2
1978.63,1989.00,1185.25,0.453,3.07,1.669,2
1981.37,1990.00,1475.96,0.297,3.17,1.342,2
1983.62,1992.00,1407.37,0.375,3.15,1.409,2
1981.63,1990.00,1333.45,0.453,3.12,1.486,2
1980.62,1989.00,1406.09,0.469,3.15,1.409,2
1981.12,1990.00,1326.85,0.453,3.12,1.493,2
1984.25,1992.00,1840.12,0.094,3.26,1.078,2
1981.55,1989.00,1628.77,0.094,3.21,1.217,2
1979.21,1988.00,1650.14,0.047,3.22,1.199,2
1983.19,1992.00,1859.37,0.031,3.27,1.067,2
1982.46,1991.00,1714.56,0.016,3.23,1.156,2
1980.02,1988.00,1451.93,0.031,3.16,1.364,2
1980.91,1990.00,1710.08,0.016,3.23,1.158,2
1982.44,1989.00,1691.04,0.031,3.23,1.172,2
1978.76,1989.00,1488.48,0.016,3.17,1.329,2
1977.94,1988.00,1511.91,0.016,3.18,1.308,2
1979.49,1990.00,1643.39,0.031,3.22,1.205,2
1978.87,1988.00,1647.98,0.016,3.22,1.201,2
1977.12,1988.00,1253.93,0.094,3.10,1.577,2
1979.37,1990.00,1575.70,0.016,3.20,1.256,2
1986.47,1991.00,1621.32,0.031,3.21,1.225,2
1998.08,2010.00,1469.52,0.109,3.17,1.360,2
2005.85,2020.00,1345.99,0.172,3.13,1.490,2
2007.55,2022.00,1472.95,0.094,3.17,1.363,2
2003.80,2009.00,1571.78,0.094,3.20,1.275,2
1993.16,2002.00,1443.74,0.031,3.16,1.381,2
1987.57,2002.00,1518.96,0.062,3.18,1.309,2
1982.95,1991.00,1518.76,0.062,3.18,1.306,2
1976.47,1990.00,1528.90,0.156,3.18,1.293,2
1972.43,1984.00,1519.51,0.078,3.18,1.298,2
1970.93,1986.00,1512.64,0.094,3.18,1.303,2
1971.22,1986.00,1464.21,0.094,3.17,1.346,2
1967.16,1975.00,1423.16,0.109,3.15,1.382,2
1970.08,1976.00,1450.52,0.078,3.16,1.358,2
1971.24,1985.00,1531.44,0.156,3.19,1.287,2
1970.69,1977.00,1515.09,0.078,3.18,1.301,2
1966.45,1976.00,1425.75,0.047,3.15,1.379,2
1965.88,1975.00,1494.11,0.125,3.17,1.316,2
1966.80,1975.00,1519.31,0.219,3.18,1.295,2
1963.82,1975.00,1484.81,0.047,3.17,1.323,2
1964.27,1974.00,1333.94,0.078,3.13,1.473,2
1966.21,1977.00,1574.01,0.156,3.20,1.249,2
1967.66,1975.00,1573.56,0.156,3.20,1.250,2
1966.38,1976.00,1352.37,0.047,3.13,1.454,2
1967.90,1977.00,1419.17,0.109,3.15,1.387,2
1971.30,1977.00,1462.96,0.125,3.17,1.347,2
1973.23,1987.00,1401.85,0.172,3.15,1.408,2
1975.02,1989.00,1451.48,0.047,3.16,1.361,2
1975.66,1986.00,1509.54,0.125,3.18,1.309,2
1977.37,1992.00,1475.59,0.062,3.17,1.340,2
1976.68,1989.00,1488.28,0.078,3.17,1.328,2
1976.80,1988.00,1401.19,0.094,3.15,1.411,2
1979.52,1991.00,1437.07,0.109,3.16,1.377,2
1979.26,1988.00,1501.25,0.109,3.18,1.318,2
1977.87,1988.00,1296.89,0.031,3.11,1.525,2
1981.01,1990.00,1476.33,0.047,3.17,1.342,2
1982.77,1993.00,1523.13,0.062,3.18,1.302,2
1981.52,1992.00,1542.91,0.047,3.19,1.284,2
1980.24,1990.00,1448.54,0.031,3.16,1.367,2
1981.98,1990.00,1618.36,0.047,3.21,1.225,2
1983.58,1991.00,1439.21,0.109,3.16,1.378,2
1979.93,1990.00,1370.38,0.016,3.14,1.445,2
1979.74,1993.00,1426.19,0.109,3.15,1.388,2
1981.30,1989.00,1521.34,0.031,3.18,1.302,2
1980.59,1991.00,1486.25,0.016,3.17,1.333,2
1979.24,1990.00,1204.56,0.062,3.08,1.643,2
1978.84,1991.00,1659.40,0.016,3.22,1.193,2
1979.02,1987.00,1623.86,0.031,3.21,1.219,2
1975.94,1988.00,1471.57,0.016,3.17,1.343,2
1973.83,1987.00,1428.27,0.016,3.15,1.382,2
1975.03,1986.00,1571.35,0.031,3.20,1.257,2
1977.08,1988.00,1496.32,0.016,3.18,1.321,2
1974.60,1988.00,1178.44,0.062,3.07,1.676,2
1975.75,1987.00,1588.55,0.016,3.20,1.244,2
1979.34,1989.00,1622.49,0.031,3.21,1.220,2
1976.36,1987.00,1537.40,0.016,3.19,1.286,2
1976.40,1989.00,1402.25,0.016,3.15,1.409,2
1979.42,1989.00,1631.91,0.031,3.21,1.213,2
1980.18,1990.00,1622.95,0.031,3.21,1.220,2
1976.57,1988.00,1391.54,0.016,3.14,1.420,2
1976.71,1989.00,1518.53,0.016,3.18,1.302,2
1978.93,1988.00,1581.86,0.031,3.20,1.251,2
1978.07,1990.00,1557.72,0.016,3.19,1.270,2
1975.22,1986.00,1273.27,0.031,3.10,1.551,2
1976.84,1988.00,1591.88,0.016,3.20,1.242,2
1977.91,1988.00,1614.17,0.031,3.21,1.225,2
1975.19,1987.00,1450.57,0.016,3.16,1.362,2
1975.99,1987.00,1478.79,0.016,3.17,1.336,2
1977.88,1988.00,1615.41,0.031,3.21,1.224,2
1977.22,1988.00,1639.49,0.016,3.21,1.206,2
1977.04,1989.00,1554.64,0.031,3.19,1.272,2
1976.52,1989.00,1626.49,0.016,3.21,1.215,2
1975.18,1987.00,1316.74,0.031,3.12,1.500,2
1976.35,1986.00,1545.38,0.016,3.19,1.279,2
1978.32,1988.00,1635.12,0.031,3.21,1.210,2
1976.54,1990.00,1503.76,0.016,3.18,1.314,2
1974.64,1986.00,1293.38,0.016,3.11,1.527,2
1978.04,1989.00,1561.97,0.031,3.19,1.266,2
1979.07,1987.00,1581.34,0.031,3.20,1.252,2
1976.79,1990.00,1376.58,0.016,3.14,1.436,2
1977.18,1990.00,1432.82,0.078,3.16,1.380,2
1979.96,1988.00,1583.18,0.062,3.20,1.251,2
1979.30,1991.00,1395.21,0.078,3.14,1.419,2
1977.40,1989.00,1386.32,0.016,3.14,1.426,2
1978.20,1990.00,1449.39,0.047,3.16,1.365,2
1983.91,1991.00,1728.44,0.031,3.24,1.148,2
1985.32,1993.00,1456.98,0.016,3.16,1.363,2
1987.11,1993.00,1488.05,0.016,3.17,1.335,2
1990.83,2002.00,1527.18,0.031,3.18,1.304,2
1996.27,2005.00,1554.74,0.078,3.19,1.284,2
1996.65,2006.00,1416.21,0.047,3.15,1.410,2
1994.38,2008.00,1578.33,0.094,3.20,1.264,2
1989.37,2002.00,1513.55,0.141,3.18,1.314,2
1981.30,1990.00,1551.52,0.078,3.19,1.277,2
1975.74,1990.00,1438.13,0.156,3.16,1.374,2
1975.46,1990.00,1654.11,0.109,3.22,1.194,2
1973.60,1989.00,1553.36,0.188,3.19,1.271,2
1969.12,1976.00,1461.90,0.047,3.16,1.347,2
1966.84,1977.00,1420.94,0.125,3.15,1.384,2
1967.18,1975.00,1731.03,0.156,3.24,1.136,2
1968.57,1985.00,1573.93,0.141,3.20,1.251,2
1967.38,1975.00,1344.03,0.047,3.13,1.464,2
1969.75,1975.00,1571.67,0.078,3.20,1.253,2
1974.35,1987.00,1676.22,0.109,3.22,1.178,2
1972.91,1987.00,1437.29,0.109,3.16,1.373,2
1973.29,1987.00,1431.44,0.109,3.16,1.379,2
1975.04,1986.00,1552.89,0.125,3.19,1.272,2
1975.72,1987.00,1553.60,0.109,3.19,1.272,2
1975.62,1988.00,1515.28,0.094,3.18,1.304,2
1975.85,1989.00,1481.67,0.125,3.17,1.334,2
1977.62,1991.00,1527.62,0.031,3.18,1.295,2
1978.93,1989.00,1575.21,0.016,3.20,1.256,2
1978.09,1992.00,1300.92,0.047,3.11,1.521,2
1981.10,1990.00,1689.39,0.031,3.23,1.173,2
1983.44,1990.00,1534.86,0.062,3.19,1.292,2
1982.23,1992.00,1452.29,0.016,3.16,1.365,2
1983.01,1993.00,1416.12,0.016,3.15,1.400,2
1985.98,1992.00,1777.86,0.031,3.25,1.117,2
1984.29,1991.00,1588.60,0.016,3.20,1.249,2
1979.82,1989.00,1269.83,0.031,3.10,1.559,2
1979.34,1989.00,1554.49,0.016,3.19,1.273,2
1979.22,1990.00,1584.39,0.031,3.20,1.249,2
1977.22,1988.00,1497.85,0.016,3.18,1.320,2
1974.85,1988.00,1331.46,0.016,3.12,1.483,2
1976.88,1988.00,1684.45,0.031,3.23,1.174,2
1977.41,1990.00,1346.50,0.016,3.13,1.469,2
1979.49,1991.00,1516.20,0.094,3.18,1.306,2
1978.55,1991.00,1594.73,0.047,3.20,1.241,2
1975.89,1986.00,1395.97,0.078,3.14,1.415,2
1975.89,1988.00,1446.08,0.078,3.16,1.366,2
1980.56,1989.00,1602.34,0.203,3.20,1.236,2
1982.76,1992.00,1538.13,0.047,3.19,1.289,2
1986.08,1992.00,1412.14,0.094,3.15,1.406,2
1988.22,1994.00,1561.60,0.078,3.19,1.273,2
1992.21,2003.00,1659.81,0.047,3.22,1.200,2
1993.60,2009.00,1478.66,0.125,3.17,1.348,2
1992.83,2008.00,1560.21,0.141,3.19,1.277,2
1990.43,2003.00,1594.77,0.156,3.20,1.248,2
1987.38,1992.00,1574.40,0.109,3.20,1.262,2
1982.26,1992.00,1436.34,0.125,3.16,1.380,2
1979.54,1990.00,1595.92,0.156,3.20,1.240,2
1976.44,1987.00,1531.95,0.141,3.19,1.290,2
1974.61,1992.00,1446.05,0.141,3.16,1.366,2
1971.52,1986.00,1519.76,0.156,3.18,1.297,2
1969.71,1986.00,1477.12,0.141,3.17,1.333,2
1968.97,1976.00,1490.49,0.203,3.17,1.321,2
1965.80,1975.00,1515.19,0.125,3.18,1.297,2
1965.82,1975.00,1454.39,0.094,3.16,1.352,2
1968.96,1974.00,1534.76,0.141,3.19,1.283,2
1971.26,1987.00,1535.00,0.094,3.19,1.284,2
1972.60,1986.00,1391.24,0.078,3.14,1.418,2
1975.44,1988.00,1460.86,0.109,3.16,1.352,2
1976.93,1988.00,1541.62,0.062,3.19,1.282,2
1976.36,1989.00,1375.43,0.047,3.14,1.437,2
1978.95,2000.00,1435.95,0.078,3.16,1.378,2
1983.97,1990.00,1393.79,0.156,3.14,1.423,2
1983.70,1994.00,1329.34,0.156,3.12,1.492,2
1981.98,1990.00,1463.84,0.047,3.17,1.354,2
1980.81,1989.00,1409.07,0.156,3.15,1.406,2
1982.49,1991.00,1468.79,0.125,3.17,1.350,2
1979.51,1990.00,1481.72,0.047,3.17,1.336,2
1977.57,1988.00,1250.17,0.047,3.10,1.582,2
1978.69,1989.00,1588.75,0.062,3.20,1.245,2
1977.90,1989.00,1377.10,0.141,3.14,1.436,2
1975.16,1986.00,1299.93,0.031,3.11,1.519,2
1974.85,1987.00,1594.32,0.016,3.20,1.239,2
1975.99,1987.00,1640.98,0.031,3.22,1.204,2
1976.37,1989.00,1507.69,0.016,3.18,1.311,2
1974.61,1990.00,1426.36,0.062,3.15,1.384,2
1975.88,1988.00,1538.76,0.047,3.19,1.284,2
1976.55,1988.00,1411.98,0.125,3.15,1.400,2
1975.25,1989.00,1421.74,0.016,3.15,1.389,2
1975.82,1987.00,1477.12,0.016,3.17,1.338,2
1978.49,1988.00,1651.95,0.031,3.22,1.198,2
1981.13,1991.00,1584.78,0.016,3.20,1.250,2
1977.49,1988.00,1285.94,0.031,3.11,1.538,2
1977.68,1990.00,1651.60,0.016,3.22,1.197,2
1979.35,1990.00,1640.94,0.031,3.22,1.206,2
1976.91,1988.00,1467.02,0.016,3.17,1.348,2
1976.21,1989.00,1472.66,0.016,3.17,1.342,2
1977.82,1990.00,1617.51,0.031,3.21,1.223,2
1977.90,1988.00,1634.07,0.016,3.21,1.210,2
1975.90,1987.00,1311.51,0.031,3.12,1.507,2
1976.72,1988.00,1316.27,0.016,3.12,1.502,2
1977.60,1988.00,1548.09,0.016,3.19,1.277,2
1979.60,1989.00,1605.38,0.062,3.21,1.233,2
1979.88,1989.00,1597.92,0.047,3.20,1.239,2
1977.40,1989.00,1344.36,0.156,3.13,1.471,2
1977.91,1989.00,1550.87,0.141,3.19,1.275,2
1982.80,1989.00,1564.65,0.250,3.19,1.267,2
1983.77,1991.00,1436.99,0.141,3.16,1.381,2
1985.63,2000.00,1452.27,0.047,3.16,1.367,2
1987.29,2003.00,1658.70,0.094,3.22,1.198,2
1988.57,2002.00,1404.12,0.062,3.15,1.416,2
1990.24,2003.00,1485.79,0.125,3.17,1.340,2
1991.86,2004.00,1587.10,0.109,3.20,1.255,2
1993.60,2004.00,1478.67,0.188,3.17,1.348,2
1992.22,2004.00,1527.90,0.156,3.18,1.304,2
1986.26,2001.00,1481.13,0.094,3.17,1.341,2
1981.03,2000.00,1456.40,0.109,3.16,1.360,2
1977.05,1989.00,1521.83,0.188,3.18,1.299,2
1974.24,1986.00,1475.57,0.078,3.17,1.338,2
1972.63,1986.00,1429.15,0.109,3.16,1.380,2
1974.54,1986.00,1511.10,0.156,3.18,1.307,2
1973.52,1985.00,1448.19,0.172,3.16,1.363,2
1973.65,1986.00,1484.13,0.109,3.17,1.330,2
1973.78,1987.00,1521.44,0.188,3.18,1.297,2
1974.64,1986.00,1478.62,0.094,3.17,1.335,2
1974.99,1988.00,1539.44,0.156,3.19,1.283,2
1974.58,1987.00,1503.87,0.094,3.18,1.313,2
1975.00,1987.00,1472.13,0.109,3.17,1.342,2
1975.97,1988.00,1534.44,0.188,3.19,1.288,2
1973.79,1986.00,1491.37,0.047,3.17,1.323,2
1972.76,1986.00,1463.62,0.141,3.17,1.348,2
1975.30,1987.00,1495.47,0.156,3.17,1.321,2
1974.60,1987.00,1357.21,0.047,3.13,1.455,2
1977.12,1987.00,1454.53,0.047,3.16,1.359,2
1977.30,1989.00,1531.43,0.094,3.19,1.291,2
1975.36,1986.00,1454.34,0.094,3.16,1.358,2
1975.16,1987.00,1479.86,0.109,3.17,1.335,2
1975.12,1988.00,1515.07,0.062,3.18,1.304,2
1976.54,1991.00,1460.44,0.062,3.16,1.353,2
1980.71,1989.00,1489.31,0.156,3.17,1.330,2
1981.32,1992.00,1485.96,0.047,3.17,1.333,2
1982.16,1991.00,1330.20,0.219,3.12,1.490,2
1983.80,1990.00,1432.32,0.188,3.16,1.385,2
1981.40,1991.00,1418.96,0.078,3.15,1.396,2
1980.07,1988.00,1389.19,0.109,3.14,1.425,2
1979.90,1990.00,1539.22,0.078,3.19,1.286,2
1981.46,1991.00,1457.52,0.062,3.16,1.359,2
1980.62,1994.00,1488.17,0.078,3.17,1.331,2
1979.10,1990.00,1271.36,0.078,3.10,1.557,2
1982.66,1989.00,1500.62,0.219,3.18,1.321,2
1982.13,1989.00,1463.49,0.047,3.17,1.354,2
1977.51,1989.00,1308.45,0.031,3.12,1.511,2
1977.47,1989.00,1543.83,0.016,3.19,1.281,2
1979.80,1990.00,1612.65,0.031,3.21,1.228,2
1978.43,1991.00,1495.55,0.016,3.17,1.323,2
1976.02,1987.00,1451.62,0.016,3.16,1.361,2
1976.87,1988.00,1631.89,0.031,3.21,1.211,2
1976.94,1988.00,1645.83,0.016,3.22,1.201,2
1974.39,1986.00,1372.57,0.031,3.14,1.438,2
1973.96,1987.00,1476.76,0.016,3.17,1.337,2
1975.86,1987.00,1287.48,0.031,3.11,1.535,2
1973.63,1986.00,1502.44,0.016,3.18,1.314,2
1972.86,1977.00,1408.10,0.016,3.15,1.401,2
1974.89,1986.00,1619.81,0.031,3.21,1.219,2
1975.96,1988.00,1628.59,0.016,3.21,1.213,2
1973.24,1977.00,1362.68,0.016,3.13,1.448,2
1973.19,1988.00,1427.95,0.016,3.15,1.382,2
1974.68,1987.00,1674.98,0.031,3.22,1.179,2
1974.35,1986.00,1602.79,0.016,3.20,1.232,2
1974.50,1990.00,1248.83,0.031,3.10,1.581,2
1975.21,1986.00,1659.91,0.016,3.22,1.190,2
1979.10,1989.00,1613.92,0.031,3.21,1.226,2
1977.79,1987.00,1466.75,0.016,3.17,1.348,2
1977.74,1988.00,1453.35,0.016,3.16,1.361,2
1981.01,1989.00,1619.54,0.031,3.21,1.223,2
1983.98,1992.00,1655.29,0.016,3.22,1.199,2
1981.65,1990.00,1301.17,0.031,3.11,1.523,2
1976.22,1988.00,1420.00,0.016,3.15,1.392,2
1976.99,1987.00,1472.61,0.016,3.17,1.343,2
1978.77,1990.00,1602.27,0.031,3.20,1.235,2
1979.71,1988.00,1636.28,0.016,3.21,1.210,2
1977.93,1990.00,1283.93,0.156,3.11,1.541,2
1979.60,1991.00,1584.65,0.078,3.20,1.249,2
1985.85,1992.00,1559.23,0.188,3.19,1.274,2
1986.13,1992.00,1427.19,0.141,3.15,1.392,2
1987.05,1992.00,1270.90,0.141,3.10,1.563,2
1988.02,2002.00,1651.59,0.016,3.22,1.204,2
1989.52,2002.00,1507.31,0.062,3.18,1.320,2
1990.54,2003.00,1546.30,0.141,3.19,1.287,2
1991.11,2005.00,1455.14,0.188,3.16,1.368,2
1989.85,2003.00,1506.61,0.234,3.18,1.321,2
1983.74,1993.00,1523.61,0.109,3.18,1.302,2
1978.05,1989.00,1403.46,0.109,3.15,1.409,2
1975.93,1990.00,1550.19,0.141,3.19,1.275,2
1973.75,1989.00,1510.52,0.188,3.18,1.307,2
1972.57,1988.00,1396.36,0.141,3.14,1.413,2
1970.88,1977.00,1471.88,0.141,3.17,1.339,2
1971.82,1987.00,1459.96,0.094,3.16,1.351,2
1973.29,1987.00,1566.66,0.156,3.19,1.260,2
1971.05,1986.00,1476.17,0.047,3.17,1.335,2
1971.21,1977.00,1444.86,0.141,3.16,1.364,2
1973.08,1988.00,1492.86,0.141,3.17,1.322,2
1974.00,1984.00,1360.17,0.172,3.13,1.451,2
1975.05,1989.00,1503.01,0.109,3.18,1.314,2
1977.62,1989.00,1486.04,0.062,3.17,1.331,2
1980.38,1990.00,1516.65,0.109,3.18,1.306,2
1980.21,1992.00,1439.49,0.047,3.16,1.376,2
1980.38,1990.00,1406.86,0.141,3.15,1.408,2
1981.16,1989.00,1523.60,0.047,3.18,1.300,2
1981.12,1990.00,1420.65,0.047,3.15,1.395,2
1980.51,1989.00,1289.54,0.062,3.11,1.536,2
1980.38,1991.00,1621.07,0.016,3.21,1.222,2
1982.96,1991.00,1527.81,0.094,3.18,1.298,2
1980.79,1992.00,1079.94,0.062,3.03,1.834,2
1980.43,1991.00,1197.48,0.016,3.08,1.654,2
1982.60,1990.00,1588.51,0.031,3.20,1.248,2
1983.69,1990.00,1666.26,0.016,3.22,1.191,2
1979.20,1988.00,1307.14,0.031,3.12,1.514,2
1978.46,1989.00,1561.03,0.016,3.19,1.267,2
1977.82,1989.00,1589.44,0.031,3.20,1.244,2
1974.63,1987.00,1522.10,0.016,3.18,1.297,2
1972.30,1984.00,1344.71,0.031,3.13,1.467,2
1972.63,1987.00,1660.72,0.016,3.22,1.188,2
1973.11,1987.00,1606.72,0.031,3.21,1.228,2
1971.16,1985.00,1398.38,0.016,3.15,1.410,2
1971.46,1985.00,1503.70,0.016,3.18,1.311,2
1973.75,1986.00,1599.58,0.031,3.20,1.234,2
1975.07,1987.00,1599.70,0.016,3.20,1.235,2
1973.13,1987.00,1267.38,0.031,3.10,1.557,2
1973.54,1986.00,1637.97,0.016,3.21,1.205,2
1976.39,1987.00,1614.07,0.031,3.21,1.224,2
1975.46,1987.00,1484.18,0.016,3.17,1.331,2
1976.37,1990.00,1461.85,0.016,3.16,1.352,2
1976.47,1989.00,1605.49,0.031,3.21,1.231,2
1979.07,1990.00,1652.94,0.016,3.22,1.197,2
1976.44,1989.00,1296.96,0.031,3.11,1.524,2
1977.26,1989.00,1575.38,0.016,3.20,1.255,2
1979.48,1992.00,1614.86,0.031,3.21,1.226,2
1976.86,1987.00,783.43,0.141,2.89,2.523,2
1979.10,1989.00,697.09,0.109,2.84,2.839,2
1978.82,1990.00,464.13,0.188,2.67,4.264,2
1978.15,1989.00,642.79,0.219,2.81,3.077,2
1979.99,1988.00,1074.74,0.234,3.03,1.842,2
1978.79,1989.00,1153.92,0.422,3.06,1.715,2
1977.15,1989.00,1294.94,0.438,3.11,1.527,2
1976.91,1988.00,1488.91,0.484,3.17,1.328,2
1980.10,1988.00,1341.71,0.422,3.13,1.476,2
1982.63,1991.00,1395.17,0.188,3.14,1.421,2
1984.69,1992.00,1736.89,0.125,3.24,1.143,2
1986.33,1993.00,1235.58,0.141,3.09,1.608,2
1989.78,2004.00,1413.98,0.062,3.15,1.407,2
1991.44,2003.00,1600.89,0.156,3.20,1.244,2
1989.68,2004.00,1490.38,0.141,3.17,1.335,2
1990.24,2004.00,1506.65,0.172,3.18,1.321,2
1987.94,1993.00,1571.17,0.125,3.20,1.265,2
1983.10,1992.00,1444.61,0.078,3.16,1.373,2
1980.60,2001.00,1521.77,0.109,3.18,1.302,2
1980.45,1991.00,1493.91,0.109,3.17,1.326,2
1977.79,1993.00,1426.41,0.062,3.15,1.387,2
1976.71,1988.00,1525.11,0.109,3.18,1.296,2
1976.98,1988.00,1884.65,0.062,3.28,1.049,2
1976.93,1989.00,1634.93,0.078,3.21,1.209,2
1976.69,1988.00,1615.26,0.141,3.21,1.224,2
1973.40,1985.00,1609.23,0.172,3.21,1.226,2
1974.27,1987.00,1490.62,0.188,3.17,1.324,2
1973.03,1986.00,1592.65,0.109,3.20,1.239,2
1971.92,1988.00,1450.62,0.109,3.16,1.359,2
1972.81,1978.00,1432.53,0.156,3.16,1.377,2
1974.54,1988.00,1572.59,0.125,3.20,1.256,2
1973.29,1992.00,1454.65,0.047,3.16,1.357,2
1975.16,1987.00,1421.26,0.109,3.15,1.390,2
1977.22,1989.00,1485.21,0.188,3.17,1.331,2
1975.80,1988.00,1369.46,0.078,3.14,1.443,2
1975.82,1989.00,1456.85,0.078,3.16,1.356,2
1975.76,1987.00,1516.99,0.125,3.18,1.302,2
1976.30,1987.00,1453.07,0.109,3.16,1.360,2
1977.21,1989.00,1475.51,0.109,3.17,1.340,2
1976.57,1987.00,1508.39,0.062,3.18,1.310,2
1978.01,1989.00,1459.01,0.062,3.16,1.356,2
1979.38,1991.00,1504.39,0.156,3.18,1.316,2
1976.37,1989.00,1510.23,0.047,3.18,1.309,2
1975.43,1988.00,1387.12,0.125,3.14,1.424,2
1975.43,1987.00,1449.03,0.125,3.16,1.363,2
1974.97,1988.00,1496.10,0.047,3.17,1.320,2
1974.10,1987.00,1430.17,0.062,3.16,1.380,2
1974.00,1986.00,1530.72,0.125,3.18,1.290,2
1973.61,1977.00,1490.77,0.109,3.17,1.324,2
1974.40,1988.00,1429.90,0.047,3.16,1.381,2
1974.47,1988.00,1556.21,0.078,3.19,1.269,2
1975.83,1987.00,1419.92,0.078,3.15,1.392,2
1978.02,1989.00,1403.52,0.141,3.15,1.409,2
1979.21,1989.00,1463.21,0.094,3.17,1.353,2
1980.73,1992.00,1386.78,0.109,3.14,1.428,2
1981.77,1991.00,1487.40,0.250,3.17,1.332,2
1980.66,1989.00,1460.02,0.047,3.16,1.357,2
1981.62,1990.00,1429.94,0.109,3.16,1.386,2
1983.52,1992.00,1488.98,0.031,3.17,1.332,2
1984.83,2001.00,1477.50,0.047,3.17,1.343,2
1983.88,2000.00,1455.07,0.016,3.16,1.363,2
1983.63,1993.00,1537.86,0.016,3.19,1.290,2
1982.99,1991.00,1802.54,0.031,3.26,1.100,2
1977.86,1988.00,1637.16,0.016,3.21,1.208,2
1974.99,1990.00,1347.09,0.016,3.13,1.466,2
1975.02,1986.00,1564.33,0.078,3.19,1.263,2
1975.91,1989.00,1583.41,0.062,3.20,1.248,2
1974.61,1986.00,1428.37,0.078,3.15,1.382,2
1973.85,1986.00,1377.86,0.078,3.14,1.433,2
1975.85,1986.00,1678.48,0.062,3.22,1.177,2
1975.33,1987.00,1608.58,0.016,3.21,1.228,2
1974.77,1986.00,1298.77,0.031,3.11,1.520,2
1973.69,1988.00,1592.34,0.016,3.20,1.239,2
1973.38,1987.00,1372.21,0.031,3.14,1.438,2
1977.55,1989.00,1483.86,0.078,3.17,1.333,2
1978.72,1989.00,1621.81,0.203,3.21,1.220,2
1977.13,1987.00,1549.83,0.172,3.19,1.276,2
1977.05,1988.00,1649.75,0.328,3.22,1.198,2
1974.93,1988.00,1430.07,0.234,3.16,1.381,2
1979.69,1988.00,1733.09,0.172,3.24,1.142,2
1977.22,1988.00,1317.73,0.062,3.12,1.500,2
1975.88,1989.00,1319.30,0.203,3.12,1.498,2
1977.62,1990.00,1500.02,0.344,3.18,1.318,2
1981.43,1992.00,1441.06,0.266,3.16,1.375,2
1982.45,1991.00,1517.26,0.047,3.18,1.307,2
1984.74,1993.00,1600.66,0.109,3.20,1.240,2
1984.85,1992.00,1485.55,0.062,3.17,1.336,2
1983.93,1993.00,1410.59,0.078,3.15,1.406,2
1985.18,1992.00,1544.68,0.141,3.19,1.285,2
1986.86,2000.00,1610.05,0.141,3.21,1.234,2
1984.44,1993.00,1608.72,0.188,3.21,1.234,2
1980.24,1990.00,1476.22,0.078,3.17,1.341,2
1978.10,1989.00,1535.04,0.141,3.19,1.289,2
1977.04,1990.00,1593.34,0.156,3.20,1.241,2
1976.94,1991.00,1465.88,0.109,3.17,1.349,2
1975.52,1987.00,1469.84,0.109,3.17,1.344,2
1975.30,1987.00,1524.06,0.156,3.18,1.296,2
1975.57,1986.00,1470.24,0.094,3.17,1.344,2
1976.40,1987.00,1537.33,0.156,3.19,1.286,2
1975.22,1986.00,1492.94,0.078,3.17,1.323,2
1976.07,1988.00,1466.43,0.156,3.17,1.348,2
1975.77,1988.00,1552.15,0.156,3.19,1.273,2
1974.46,1987.00,1427.36,0.047,3.15,1.383,2
1975.32,1989.00,1498.18,0.078,3.18,1.318,2
1976.32,1990.00,1542.43,0.156,3.19,1.281,2
1975.57,1988.00,1448.48,0.125,3.16,1.364,2
1975.99,1988.00,1522.12,0.172,3.18,1.298,2
1976.52,1988.00,1547.87,0.203,3.19,1.277,2
1977.07,1991.00,1414.08,0.094,3.15,1.398,2
1976.37,1989.00,1543.75,0.141,3.19,1.280,2
1975.60,1989.00,1401.21,0.094,3.15,1.410,2
1979.54,1992.00,1530.69,0.141,3.18,1.293,2
1979.76,1989.00,1489.43,0.078,3.17,1.329,2
1978.66,1988.00,1418.48,0.062,3.15,1.395,2
1981.24,1990.00,1413.01,0.109,3.15,1.402,2
1983.29,1991.00,1532.60,0.047,3.19,1.294,2
1982.80,1990.00,1528.81,0.047,3.18,1.297,2
1980.05,1989.00,1256.05,0.016,3.10,1.576,2
1979.18,1989.00,1539.99,0.047,3.19,1.285,2
1979.21,1989.00,1320.36,0.109,3.12,1.499,2
1977.13,1988.00,1382.44,0.062,3.14,1.430,2
1977.68,1988.00,1417.06,0.016,3.15,1.396,2
1979.38,1991.00,1567.28,0.094,3.20,1.263,2
1977.43,1988.00,1521.08,0.016,3.18,1.300,2
1974.80,1985.00,1204.34,0.031,3.08,1.640,2
1976.15,1987.00,1599.93,0.016,3.20,1.235,2
1975.53,1988.00,1555.25,0.031,3.19,1.270,2
1974.43,1988.00,1421.20,0.078,3.15,1.389,2
1973.33,1977.00,1356.89,0.047,3.13,1.454,2
1975.44,1987.00,1445.49,0.062,3.16,1.367,2
1976.10,1988.00,1503.72,0.016,3.18,1.314,2
1974.71,1988.00,1229.01,0.094,3.09,1.607,2
1974.17,1987.00,1527.38,0.016,3.18,1.293,2
1976.77,1989.00,1486.84,0.031,3.17,1.330,2
1975.64,1986.00,1496.57,0.047,3.18,1.320,2
1974.69,1987.00,1277.62,0.031,3.11,1.546,2
1976.68,1988.00,1607.20,0.047,3.21,1.230,2
1978.30,1990.00,1555.10,0.047,3.19,1.272,2
1976.19,1986.00,1329.60,0.047,3.12,1.486,2
1976.96,1988.00,1475.66,0.016,3.17,1.340,2
1979.26,1987.00,1529.35,0.062,3.18,1.294,2
1978.95,1990.00,1566.50,0.016,3.19,1.263,2
1976.01,1988.00,1208.77,0.031,3.08,1.635,2
1977.76,1989.00,1598.99,0.047,3.20,1.237,2
1978.76,1993.00,1559.29,0.031,3.19,1.269,2
1977.99,1988.00,1441.98,0.047,3.16,1.372,2
1976.97,1990.00,1411.44,0.016,3.15,1.401,2
1979.05,1989.00,1624.93,0.016,3.21,1.218,2
1979.19,1987.00,1583.65,0.047,3.20,1.250,2
1976.93,1988.00,1280.38,0.031,3.11,1.544,2
1977.52,1989.00,1567.70,0.016,3.20,1.261,2
1980.07,1989.00,1565.62,0.031,3.19,1.265,2
1978.07,1988.00,1506.00,0.047,3.18,1.313,2
1976.13,1993.00,1275.34,0.062,3.11,1.549,2
1978.88,1990.00,1622.08,0.016,3.21,1.220,2
1977.01,1987.00,1503.24,0.047,3.18,1.315,2
1976.27,1988.00,1441.25,0.062,3.16,1.371,2
1980.07,1991.00,1550.61,0.172,3.19,1.277,2
1986.90,2002.00,1600.46,0.047,3.20,1.241,2
1987.94,1994.00,1503.68,0.062,3.18,1.322,2
1988.05,2000.00,1521.05,0.047,3.18,1.307,2
1992.66,2004.00,1553.32,0.062,3.19,1.283,2
2001.16,2009.00,1616.61,0.141,3.21,1.238,2
1996.30,2007.00,1446.09,0.109,3.16,1.380,2
1992.21,2005.00,1497.98,0.203,3.18,1.330,2
1987.85,2001.00,1518.18,0.172,3.18,1.309,2
1981.19,1989.00,1471.46,0.141,3.17,1.346,2
1978.56,1989.00,1531.55,0.156,3.19,1.292,2
1976.05,1989.00,1464.57,0.188,3.17,1.349,2
1975.13,1986.00,1568.04,0.141,3.20,1.260,2
1972.82,1986.00,1487.70,0.094,3.17,1.326,2
1972.27,1985.00,1474.57,0.125,3.17,1.338,2
1972.33,1978.00,1577.17,0.156,3.20,1.251,2
1970.69,1985.00,1423.27,0.078,3.15,1.385,2
1970.08,1976.00,1508.77,0.078,3.18,1.306,2
1971.82,1984.00,1580.52,0.094,3.20,1.248,2
1973.40,1987.00,1422.86,0.094,3.15,1.387,2
1973.10,1989.00,1549.07,0.125,3.19,1.274,2
1973.69,1987.00,1531.06,0.078,3.18,1.289,2
1974.25,1986.00,1445.27,0.125,3.16,1.366,2
1973.57,1987.00,1554.26,0.141,3.19,1.270,2
1973.94,1987.00,1502.58,0.078,3.18,1.314,2
1974.08,1988.00,1460.72,0.125,3.16,1.351,2
1974.53,1986.00,1560.68,0.125,3.19,1.265,2
1973.80,1986.00,1469.47,0.078,3.17,1.343,2
1974.08,1985.00,1457.30,0.078,3.16,1.355,2
1975.90,1986.00,1546.61,0.094,3.19,1.278,2
1975.07,1986.00,1422.87,0.109,3.15,1.388,2
1975.44,1990.00,1508.28,0.141,3.18,1.310,2
1975.65,1989.00,1537.08,0.125,3.19,1.285,2
1978.74,1990.00,1445.91,0.156,3.16,1.369,2
1978.18,1991.00,1527.14,0.094,3.18,1.295,2
1978.13,1991.00,1475.28,0.047,3.17,1.341,2
1981.09,1991.00,1485.25,0.109,3.17,1.334,2
1980.96,1989.00,1545.35,0.094,3.19,1.282,2
1978.84,1989.00,1380.20,0.078,3.14,1.434,2
1981.10,1990.00,1555.68,0.078,3.19,1.273,2
1984.97,1992.00,1458.71,0.109,3.16,1.361,2
1986.80,1993.00,1531.33,0.141,3.19,1.297,2
1986.22,2001.00,1427.79,0.078,3.15,1.391,2
1985.94,1994.00,1458.92,0.109,3.16,1.361,2
1984.13,1993.00,1591.72,0.109,3.20,1.247,2
1982.66,1992.00,1543.42,0.172,3.19,1.285,2
1977.90,1989.00,1204.13,0.234,3.08,1.643,2
1977.35,1989.00,1580.77,0.219,3.20,1.251,2
1978.91,1989.00,1575.85,0.219,3.20,1.256,2
1980.43,1991.00,1427.33,0.219,3.15,1.388,2
1979.76,1988.00,1325.67,0.266,3.12,1.493,2
1983.68,1992.00,1545.11,0.188,3.19,1.284,2
1987.25,1992.00,1578.49,0.188,3.20,1.259,2
1987.69,2002.00,1479.21,0.047,3.17,1.344,2
1989.72,2002.00,1253.61,0.172,3.10,1.587,2
1996.05,2005.00,1572.82,0.094,3.20,1.269,2
1997.31,2017.00,1508.35,0.125,3.18,1.324,2
1992.77,2004.00,1524.98,0.141,3.18,1.307,2
1985.67,2005.00,1572.69,0.141,3.20,1.263,2
1981.13,1991.00,1468.84,0.094,3.17,1.349,2
1975.85,1986.00,1545.47,0.156,3.19,1.278,2
1973.97,1985.00,1492.51,0.078,3.17,1.323,2
1974.28,1986.00,1460.21,0.156,3.16,1.352,2
1974.49,1988.00,1538.83,0.141,3.19,1.283,2
1971.77,1976.00,1387.49,0.109,3.14,1.421,2
1971.18,1977.00,1522.05,0.109,3.18,1.295,2
1972.27,1984.00,1457.36,0.109,3.16,1.353,2
1972.39,1977.00,1490.43,0.109,3.17,1.323,2
1973.06,1985.00,1489.43,0.094,3.17,1.325,2
1974.16,1987.00,1444.46,0.141,3.16,1.367,2
1975.63,1988.00,1532.97,0.125,3.19,1.289,2
1972.97,1986.00,1425.59,0.047,3.15,1.384,2
1973.11,1985.00,1504.67,0.078,3.18,1.311,2
1974.57,1987.00,1527.93,0.078,3.18,1.292,2
1975.60,1988.00,1451.64,0.094,3.16,1.361,2
1974.85,1987.00,1519.82,0.109,3.18,1.299,2
1974.19,1988.00,1384.42,0.094,3.14,1.426,2
1975.91,1988.00,1484.14,0.094,3.17,1.331,2
1974.65,1987.00,1477.19,0.078,3.17,1.337,2
1975.04,1989.00,1396.95,0.078,3.15,1.414,2
1975.40,1988.00,1486.17,0.094,3.17,1.329,2
1978.41,1989.00,1322.26,0.078,3.12,1.496,2
1979.32,1991.00,1499.52,0.047,3.18,1.320,2
1985.18,1992.00,1470.27,0.062,3.17,1.350,2
1979.13,1990.00,1657.45,0.031,3.22,1.194,2
1978.41,1989.00,1444.05,0.016,3.16,1.370,2
1975.97,1987.00,1348.07,0.062,3.13,1.466,2
1979.69,1989.00,1595.76,0.016,3.20,1.241,2
1978.88,1988.00,1602.60,0.016,3.20,1.235,2
1976.29,1987.00,1297.94,0.094,3.11,1.523,2
1977.35,1987.00,1396.44,0.234,3.15,1.416,2
1978.34,1989.00,1422.72,0.375,3.15,1.391,2
1979.13,1989.00,1435.23,0.297,3.16,1.379,2
1981.84,1989.00,1218.64,0.219,3.09,1.626,2
1985.33,1992.00,1478.89,0.156,3.17,1.342,2
1988.99,2001.00,1452.94,0.094,3.16,1.369,2
1989.04,2002.00,1434.46,0.031,3.16,1.387,2
1993.80,2003.00,1584.17,0.141,3.20,1.259,2
1992.40,2002.00,1582.54,0.188,3.20,1.259,2
1987.41,2000.00,1461.21,0.078,3.16,1.360,2
1981.76,1991.00,1536.95,0.109,3.19,1.289,2
1979.40,1989.00,1562.17,0.094,3.19,1.267,2
1975.35,1986.00,1459.17,0.125,3.16,1.354,2
1975.63,1987.00,1535.45,0.125,3.19,1.287,2
1972.86,1986.00,1499.39,0.047,3.18,1.316,2
1974.28,1986.00,1439.01,0.109,3.16,1.372,2
1975.11,1992.00,1539.61,0.125,3.19,1.283,2
1972.97,1986.00,1394.95,0.047,3.14,1.414,2
1972.31,1979.00,1532.81,0.078,3.19,1.287,2
1973.50,1986.00,1548.53,0.078,3.19,1.274,2
1973.66,1986.00,1406.00,0.062,3.15,1.404,2
1973.68,1987.00,1480.75,0.062,3.17,1.333,2
1974.19,1986.00,1416.29,0.062,3.15,1.394,2
1975.33,1987.00,1491.07,0.109,3.17,1.325,2
1975.05,1989.00,1514.78,0.047,3.18,1.304,2
1975.03,1987.00,1420.45,0.062,3.15,1.390,2
1977.69,1989.00,1520.78,0.094,3.18,1.300,2
1979.23,1990.00,1370.62,0.062,3.14,1.444,2
1979.98,1990.00,1528.68,0.047,3.18,1.295,2
1981.49,1991.00,1523.09,0.078,3.18,1.301,2
1984.11,1990.00,1486.40,0.031,3.17,1.335,2
1986.62,2001.00,1439.16,0.062,3.16,1.380,2
1977.05,1987.00,1250.87,0.172,3.10,1.581,2
1979.43,1992.00,1513.52,0.172,3.18,1.308,2
1981.35,1991.00,1406.54,0.266,3.15,1.409,2
1982.82,1992.00,1451.25,0.141,3.16,1.366,2
1984.44,1991.00,1331.72,0.172,3.12,1.490,2
1987.91,2003.00,1457.33,0.312,3.16,1.364,2
1988.88,2001.00,1294.80,0.172,3.11,1.536,2
1989.24,2001.00,1598.85,0.094,3.20,1.244,2
1991.80,2003.00,1687.24,0.062,3.23,1.181,2
1994.27,2004.00,1483.54,0.141,3.17,1.344,2
1990.27,2005.00,1587.29,0.141,3.20,1.254,2
1983.76,1991.00,1498.53,0.078,3.18,1.324,2
1980.79,1993.00,1494.46,0.141,3.17,1.325,2
1978.51,1989.00,1565.77,0.125,3.19,1.264,2
1975.87,1989.00,1391.95,0.078,3.14,1.419,2
1974.52,1988.00,1529.26,0.078,3.18,1.291,2
1974.39,1985.00,1513.20,0.078,3.18,1.305,2
1974.46,1987.00,1424.60,0.062,3.15,1.386,2
1972.44,1985.00,1498.47,0.094,3.18,1.316,2
1972.63,1985.00,1420.03,0.062,3.15,1.389,2
1974.22,1987.00,1531.95,0.109,3.19,1.289,2
1973.61,1987.00,1483.60,0.047,3.17,1.330,2
1973.61,1985.00,1430.13,0.062,3.16,1.380,2
1974.71,1988.00,1553.09,0.094,3.19,1.271,2
1975.21,1987.00,1426.41,0.109,3.15,1.385,2
1974.17,1986.00,1491.71,0.078,3.17,1.323,2
1973.33,1984.00,1496.56,0.078,3.18,1.319,2
1974.47,1989.00,1439.03,0.094,3.16,1.372,2
1975.12,1987.00,1519.36,0.078,3.18,1.300,2
1973.74,1984.00,1373.81,0.047,3.14,1.437,2
1976.14,1986.00,1532.45,0.078,3.19,1.290,2
1979.73,1989.00,1447.56,0.078,3.16,1.368,2
1980.23,1988.00,1433.95,0.047,3.16,1.381,2
1980.41,1990.00,1536.33,0.047,3.19,1.289,2
1981.46,1991.00,1474.45,0.031,3.17,1.344,2
